{
  "resourceType" : "CodeSystem",
  "id" : "hpi-practitionerRole-status-reason",
  "text" : {
    "status" : "generated",
    "div" : "<div xmlns=\"http://www.w3.org/1999/xhtml\"><p>This code system <code>https://standards.digital.health.nz/ns/hpi-practitioner-role-status-reason-code</code> defines the following codes:</p><table class=\"codes\"><tr><td style=\"white-space:nowrap\"><b>Code</b></td></tr><tr><td style=\"white-space:nowrap\">enteredInError<a name=\"hpi-practitionerRole-status-reason-enteredInError\"> </a></td></tr><tr><td style=\"white-space:nowrap\">duplicate<a name=\"hpi-practitionerRole-status-reason-duplicate\"> </a></td></tr><tr><td style=\"white-space:nowrap\">died<a name=\"hpi-practitionerRole-status-reason-died\"> </a></td></tr><tr><td style=\"white-space:nowrap\">other<a name=\"hpi-practitionerRole-status-reason-other\"> </a></td></tr></table></div>"
  },
  "url" : "https://standards.digital.health.nz/ns/hpi-practitioner-role-status-reason-code",
  "version" : "1.0.0",
  "name" : "PractitionerRoleStatusReason",
  "title" : "PractitionerRole status reason",
  "status" : "active",
  "date" : "2023-02-02T00:37:31+00:00",
  "publisher" : "HL7 New Zealand",
  "contact" : [{
    "name" : "HL7 New Zealand",
    "telecom" : [{
      "system" : "email",
      "value" : "mailto:admin@hl7.org.nz"
    }]
  }],
  "description" : "The reason for the current status of PractitionerRole",
  "jurisdiction" : [{
    "coding" : [{
      "system" : "urn:iso:std:iso:3166",
      "code" : "NZ"
    }]
  }],
  "caseSensitive" : true,
  "content" : "complete",
  "count" : 4,
  "concept" : [{
    "code" : "enteredInError",
    "display" : "enteredInError"
  },
  {
    "code" : "duplicate",
    "display" : "duplicate"
  },
  {
    "code" : "died",
    "display" : "died"
  },
  {
    "code" : "other",
    "display" : "other"
  }]
}