{
  "resourceType" : "CodeSystem",
  "id" : "dhb-code",
  "text" : {
    "status" : "generated",
    "div" : "<div xmlns=\"http://www.w3.org/1999/xhtml\"><p>This code system <code>https://standards.digital.health.nz/ns/dhb-code</code> defines the following codes:</p><table class=\"codes\"><tr><td style=\"white-space:nowrap\"><b>Code</b></td><td><b>Display</b></td></tr><tr><td style=\"white-space:nowrap\">G00011-K<a name=\"dhb-code-G00011-K\"> </a></td><td>Auckland District Health Board</td></tr><tr><td style=\"white-space:nowrap\">G00031-E<a name=\"dhb-code-G00031-E\"> </a></td><td>Bay of Plenty District Health Board</td></tr><tr><td style=\"white-space:nowrap\">G00005-D<a name=\"dhb-code-G00005-D\"> </a></td><td>Canterbury District Health Board</td></tr><tr><td style=\"white-space:nowrap\">G00036-D<a name=\"dhb-code-G00036-D\"> </a></td><td>Capital and Coast District Health Board</td></tr><tr><td style=\"white-space:nowrap\">G00012-A<a name=\"dhb-code-G00012-A\"> </a></td><td>Counties Manukau District Health Board</td></tr><tr><td style=\"white-space:nowrap\">G00032-G<a name=\"dhb-code-G00032-G\"> </a></td><td>Hawkes Bay District Health Board</td></tr><tr><td style=\"white-space:nowrap\">G00006-F<a name=\"dhb-code-G00006-F\"> </a></td><td>Hutt Valley District Health Board</td></tr><tr><td style=\"white-space:nowrap\">G00028-E<a name=\"dhb-code-G00028-E\"> </a></td><td>Lakes District Health Board</td></tr><tr><td style=\"white-space:nowrap\">G00033-J<a name=\"dhb-code-G00033-J\"> </a></td><td>Mid Central District Health Board</td></tr><tr><td style=\"white-space:nowrap\">G00038-H<a name=\"dhb-code-G00038-H\"> </a></td><td>Nelson Marlborough District Health Board</td></tr><tr><td style=\"white-space:nowrap\">G00026-A<a name=\"dhb-code-G00026-A\"> </a></td><td>Northland District Health Board</td></tr><tr><td style=\"white-space:nowrap\">G00025-K<a name=\"dhb-code-G00025-K\"> </a></td><td>South Canterbury District Health Board</td></tr><tr><td style=\"white-space:nowrap\">G02328-E<a name=\"dhb-code-G02328-E\"> </a></td><td>Southern District Health Board</td></tr><tr><td style=\"white-space:nowrap\">G00029-G<a name=\"dhb-code-G00029-G\"> </a></td><td>Tairawhiti District Health Board</td></tr><tr><td style=\"white-space:nowrap\">G00030-C<a name=\"dhb-code-G00030-C\"> </a></td><td>Taranaki District Health Board</td></tr><tr><td style=\"white-space:nowrap\">G00027-C<a name=\"dhb-code-G00027-C\"> </a></td><td>Waikato District Health Board</td></tr><tr><td style=\"white-space:nowrap\">G00037-F<a name=\"dhb-code-G00037-F\"> </a></td><td>Wairarapa District Health Board</td></tr><tr><td style=\"white-space:nowrap\">G00013-C<a name=\"dhb-code-G00013-C\"> </a></td><td>Waitemata District Health Board</td></tr><tr><td style=\"white-space:nowrap\">G00039-K<a name=\"dhb-code-G00039-K\"> </a></td><td>West Coast District Health Board</td></tr><tr><td style=\"white-space:nowrap\">G00035-B<a name=\"dhb-code-G00035-B\"> </a></td><td>Whanganui District Health Board</td></tr></table></div>"
  },
  "url" : "https://standards.digital.health.nz/ns/dhb-code",
  "version" : "1.0.0",
  "name" : "Dhb_code",
  "title" : "NZ DHB",
  "status" : "draft",
  "experimental" : false,
  "date" : "2022-08-25",
  "publisher" : "HL7 New Zealand",
  "contact" : [{
    "name" : "HL7 New Zealand",
    "telecom" : [{
      "system" : "email",
      "value" : "mailto:admin@hl7.org.nz"
    }]
  }],
  "description" : "NZ District Health Board (HPI-ORG) Codes",
  "copyright" : "© 2020+ New Zealand Crown Copyright",
  "caseSensitive" : true,
  "valueSet" : "https://nzhts.digital.health.nz/fhir/ValueSet/dhb-code",
  "compositional" : false,
  "versionNeeded" : false,
  "content" : "complete",
  "count" : 20,
  "concept" : [{
    "code" : "G00011-K",
    "display" : "Auckland District Health Board"
  },
  {
    "code" : "G00031-E",
    "display" : "Bay of Plenty District Health Board"
  },
  {
    "code" : "G00005-D",
    "display" : "Canterbury District Health Board"
  },
  {
    "code" : "G00036-D",
    "display" : "Capital and Coast District Health Board"
  },
  {
    "code" : "G00012-A",
    "display" : "Counties Manukau District Health Board"
  },
  {
    "code" : "G00032-G",
    "display" : "Hawkes Bay District Health Board"
  },
  {
    "code" : "G00006-F",
    "display" : "Hutt Valley District Health Board"
  },
  {
    "code" : "G00028-E",
    "display" : "Lakes District Health Board"
  },
  {
    "code" : "G00033-J",
    "display" : "Mid Central District Health Board"
  },
  {
    "code" : "G00038-H",
    "display" : "Nelson Marlborough District Health Board"
  },
  {
    "code" : "G00026-A",
    "display" : "Northland District Health Board"
  },
  {
    "code" : "G00025-K",
    "display" : "South Canterbury District Health Board"
  },
  {
    "code" : "G02328-E",
    "display" : "Southern District Health Board"
  },
  {
    "code" : "G00029-G",
    "display" : "Tairawhiti District Health Board"
  },
  {
    "code" : "G00030-C",
    "display" : "Taranaki District Health Board"
  },
  {
    "code" : "G00027-C",
    "display" : "Waikato District Health Board"
  },
  {
    "code" : "G00037-F",
    "display" : "Wairarapa District Health Board"
  },
  {
    "code" : "G00013-C",
    "display" : "Waitemata District Health Board"
  },
  {
    "code" : "G00039-K",
    "display" : "West Coast District Health Board"
  },
  {
    "code" : "G00035-B",
    "display" : "Whanganui District Health Board"
  }]
}