{
  "resourceType" : "CodeSystem",
  "id" : "datum-code",
  "text" : {
    "status" : "generated",
    "div" : "<div xmlns=\"http://www.w3.org/1999/xhtml\"><p>This code system <code>https://standards.digital.health.nz/ns/nz-datum-code</code> defines the following codes:</p><table class=\"codes\"><tr><td style=\"white-space:nowrap\"><b>Code</b></td><td><b>Definition</b></td></tr><tr><td style=\"white-space:nowrap\">WGS84<a name=\"datum-code-WGS84\"> </a></td><td>global datum, used by google maps</td></tr><tr><td style=\"white-space:nowrap\">NZGD2000<a name=\"datum-code-NZGD2000\"> </a></td><td>Nz official datum, used by MoH address service</td></tr></table></div>"
  },
  "url" : "https://standards.digital.health.nz/ns/nz-datum-code",
  "version" : "2.1.0",
  "name" : "DatumCode",
  "title" : "Datum codes",
  "status" : "active",
  "date" : "2023-02-02T00:37:31+00:00",
  "publisher" : "HL7 New Zealand",
  "contact" : [{
    "name" : "HL7 New Zealand",
    "telecom" : [{
      "system" : "email",
      "value" : "mailto:admin@hl7.org.nz"
    }]
  }],
  "description" : "Possible datum codes",
  "caseSensitive" : true,
  "content" : "complete",
  "count" : 2,
  "concept" : [{
    "code" : "WGS84",
    "display" : "WGS84",
    "definition" : "global datum, used by google maps"
  },
  {
    "code" : "NZGD2000",
    "display" : "NZGD2000",
    "definition" : "Nz official datum, used by MoH address service"
  }]
}