{
  "resourceType" : "CodeSystem",
  "id" : "iwi-code",
  "text" : {
    "status" : "generated",
    "div" : "<div xmlns=\"http://www.w3.org/1999/xhtml\"><p>This code system <code>https://standards.digital.health.nz/ns/iwi-code</code> defines the following codes:</p><table class=\"codes\"><tr><td style=\"white-space:nowrap\"><b>Code</b></td><td><b>Display</b></td></tr><tr><td style=\"white-space:nowrap\">01<a name=\"iwi-code-01\"> </a></td><td>Te Tai Tokerau/Tāmaki-makaurau (Northland/Auckland) Region Iwi</td></tr><tr><td style=\"white-space:nowrap\">0101<a name=\"iwi-code-0101\"> </a></td><td>Te Aupōuri</td></tr><tr><td style=\"white-space:nowrap\">0102<a name=\"iwi-code-0102\"> </a></td><td>Ngāti Kahu</td></tr><tr><td style=\"white-space:nowrap\">0103<a name=\"iwi-code-0103\"> </a></td><td>Ngāti Kurī</td></tr><tr><td style=\"white-space:nowrap\">0104<a name=\"iwi-code-0104\"> </a></td><td>Ngāpuhi</td></tr><tr><td style=\"white-space:nowrap\">0105<a name=\"iwi-code-0105\"> </a></td><td>Ngāpuhi ki Whaingaroa-Ngāti Kahu ki Whaingaroa</td></tr><tr><td style=\"white-space:nowrap\">0106<a name=\"iwi-code-0106\"> </a></td><td>Te Rarawa</td></tr><tr><td style=\"white-space:nowrap\">0107<a name=\"iwi-code-0107\"> </a></td><td>Ngāi Takoto</td></tr><tr><td style=\"white-space:nowrap\">0108<a name=\"iwi-code-0108\"> </a></td><td>Ngāti Wai</td></tr><tr><td style=\"white-space:nowrap\">0109<a name=\"iwi-code-0109\"> </a></td><td>Ngāti Whātua (not Ōrākei or Kaipara)</td></tr><tr><td style=\"white-space:nowrap\">0110<a name=\"iwi-code-0110\"> </a></td><td>Te Kawerau ā Maki</td></tr><tr><td style=\"white-space:nowrap\">0111<a name=\"iwi-code-0111\"> </a></td><td>Te Uri-o-Hau</td></tr><tr><td style=\"white-space:nowrap\">0112<a name=\"iwi-code-0112\"> </a></td><td>Te Roroa</td></tr><tr><td style=\"white-space:nowrap\">0113<a name=\"iwi-code-0113\"> </a></td><td>Ngāti Whātua o Kaipara</td></tr><tr><td style=\"white-space:nowrap\">0114<a name=\"iwi-code-0114\"> </a></td><td>Ngāti Whātua o Ōrākei</td></tr><tr><td style=\"white-space:nowrap\">0115<a name=\"iwi-code-0115\"> </a></td><td>Ngāi Tai ki Tāmaki</td></tr><tr><td style=\"white-space:nowrap\">0116<a name=\"iwi-code-0116\"> </a></td><td>Ngāti Hine (Te Tai Tokerau)</td></tr><tr><td style=\"white-space:nowrap\">0117<a name=\"iwi-code-0117\"> </a></td><td>Te Paatu</td></tr><tr><td style=\"white-space:nowrap\">0118<a name=\"iwi-code-0118\"> </a></td><td>Ngāti Manuhiri</td></tr><tr><td style=\"white-space:nowrap\">0119<a name=\"iwi-code-0119\"> </a></td><td>Ngāti Rehua</td></tr><tr><td style=\"white-space:nowrap\">0120<a name=\"iwi-code-0120\"> </a></td><td>Ngāti Torehina ki Mata-ure ō Hau</td></tr><tr><td style=\"white-space:nowrap\">02<a name=\"iwi-code-02\"> </a></td><td>Hauraki (Coromandel) Region Iwi</td></tr><tr><td style=\"white-space:nowrap\">0201<a name=\"iwi-code-0201\"> </a></td><td>Ngāti Hako</td></tr><tr><td style=\"white-space:nowrap\">0202<a name=\"iwi-code-0202\"> </a></td><td>Ngāti Hei</td></tr><tr><td style=\"white-space:nowrap\">0203<a name=\"iwi-code-0203\"> </a></td><td>Ngāti Maru (Hauraki)</td></tr><tr><td style=\"white-space:nowrap\">0204<a name=\"iwi-code-0204\"> </a></td><td>Ngāti Paoa</td></tr><tr><td style=\"white-space:nowrap\">0205<a name=\"iwi-code-0205\"> </a></td><td>Patukirikiri</td></tr><tr><td style=\"white-space:nowrap\">0206<a name=\"iwi-code-0206\"> </a></td><td>Ngāti Porou ki Harataunga ki Mataora</td></tr><tr><td style=\"white-space:nowrap\">0207<a name=\"iwi-code-0207\"> </a></td><td>Ngāti Pūkenga ki Waiau</td></tr><tr><td style=\"white-space:nowrap\">0208<a name=\"iwi-code-0208\"> </a></td><td>Ngāti Rāhiri Tumutumu</td></tr><tr><td style=\"white-space:nowrap\">0210<a name=\"iwi-code-0210\"> </a></td><td>Ngāti Tamaterā</td></tr><tr><td style=\"white-space:nowrap\">0211<a name=\"iwi-code-0211\"> </a></td><td>Ngāti Tara Tokanui</td></tr><tr><td style=\"white-space:nowrap\">0212<a name=\"iwi-code-0212\"> </a></td><td>Ngāti Whanaunga</td></tr><tr><td style=\"white-space:nowrap\">0213<a name=\"iwi-code-0213\"> </a></td><td>Ngāti Huarere</td></tr><tr><td style=\"white-space:nowrap\">03<a name=\"iwi-code-03\"> </a></td><td>Waikato/Te Rohe Pōtae (Waikato/King Country) Region Iwi</td></tr><tr><td style=\"white-space:nowrap\">0301<a name=\"iwi-code-0301\"> </a></td><td>Ngāti Haua (Waikato)</td></tr><tr><td style=\"white-space:nowrap\">0302<a name=\"iwi-code-0302\"> </a></td><td>Ngāti Maniapoto</td></tr><tr><td style=\"white-space:nowrap\">0303<a name=\"iwi-code-0303\"> </a></td><td>Raukawa (Waikato)</td></tr><tr><td style=\"white-space:nowrap\">0304<a name=\"iwi-code-0304\"> </a></td><td>Waikato</td></tr><tr><td style=\"white-space:nowrap\">0305<a name=\"iwi-code-0305\"> </a></td><td>Ngāti Te Ata</td></tr><tr><td style=\"white-space:nowrap\">0306<a name=\"iwi-code-0306\"> </a></td><td>Ngāti Hīkairo</td></tr><tr><td style=\"white-space:nowrap\">0307<a name=\"iwi-code-0307\"> </a></td><td>Rereahu</td></tr><tr><td style=\"white-space:nowrap\">0308<a name=\"iwi-code-0308\"> </a></td><td>Ngāti Tiipa</td></tr><tr><td style=\"white-space:nowrap\">0309<a name=\"iwi-code-0309\"> </a></td><td>Ngāti Korokī Kahukura</td></tr><tr><td style=\"white-space:nowrap\">0310<a name=\"iwi-code-0310\"> </a></td><td>Ngāti Tamaoho</td></tr><tr><td style=\"white-space:nowrap\">0311<a name=\"iwi-code-0311\"> </a></td><td>Te Ākitai-Waiohua</td></tr><tr><td style=\"white-space:nowrap\">0312<a name=\"iwi-code-0312\"> </a></td><td>Tainui Awhiro</td></tr><tr><td style=\"white-space:nowrap\">04<a name=\"iwi-code-04\"> </a></td><td>Te Arawa/Taupō (Rotorua/Taupō) Region Iwi</td></tr><tr><td style=\"white-space:nowrap\">0401<a name=\"iwi-code-0401\"> </a></td><td>Ngāti Pikiao (Te Arawa)</td></tr><tr><td style=\"white-space:nowrap\">0402<a name=\"iwi-code-0402\"> </a></td><td>Ngāti Rangiteaorere (Te Arawa)</td></tr><tr><td style=\"white-space:nowrap\">0403<a name=\"iwi-code-0403\"> </a></td><td>Ngāti Rangitihi (Te Arawa)</td></tr><tr><td style=\"white-space:nowrap\">0404<a name=\"iwi-code-0404\"> </a></td><td>Ngāti Rangiwewehi (Te Arawa)</td></tr><tr><td style=\"white-space:nowrap\">0405<a name=\"iwi-code-0405\"> </a></td><td>Tapuika (Te Arawa)</td></tr><tr><td style=\"white-space:nowrap\">0406<a name=\"iwi-code-0406\"> </a></td><td>Ngāti Tarāwhai (Te Arawa)</td></tr><tr><td style=\"white-space:nowrap\">0407<a name=\"iwi-code-0407\"> </a></td><td>Tūhourangi (Te Arawa)</td></tr><tr><td style=\"white-space:nowrap\">0408<a name=\"iwi-code-0408\"> </a></td><td>Uenuku-Kōpako (Te Arawa)</td></tr><tr><td style=\"white-space:nowrap\">0409<a name=\"iwi-code-0409\"> </a></td><td>Waitaha (Te Arawa)</td></tr><tr><td style=\"white-space:nowrap\">0410<a name=\"iwi-code-0410\"> </a></td><td>Ngāti Whakaue (Te Arawa)</td></tr><tr><td style=\"white-space:nowrap\">0411<a name=\"iwi-code-0411\"> </a></td><td>Ngāti Tūwharetoa (ki Taupō)</td></tr><tr><td style=\"white-space:nowrap\">0412<a name=\"iwi-code-0412\"> </a></td><td>Ngāti Tahu-Ngāti Whaoa (Te Arawa)</td></tr><tr><td style=\"white-space:nowrap\">0413<a name=\"iwi-code-0413\"> </a></td><td>Ngāti Mākino</td></tr><tr><td style=\"white-space:nowrap\">0414<a name=\"iwi-code-0414\"> </a></td><td>Ngāti Kearoa / Ngāti Tuarā</td></tr><tr><td style=\"white-space:nowrap\">0415<a name=\"iwi-code-0415\"> </a></td><td>Ngāti Rongomai (Te Arawa)</td></tr><tr><td style=\"white-space:nowrap\">05<a name=\"iwi-code-05\"> </a></td><td>Tauranga Moana/Mātaatua (Bay of Plenty) Region Iwi</td></tr><tr><td style=\"white-space:nowrap\">0501<a name=\"iwi-code-0501\"> </a></td><td>Ngāti Pūkenga</td></tr><tr><td style=\"white-space:nowrap\">0502<a name=\"iwi-code-0502\"> </a></td><td>Ngāi Te Rangi</td></tr><tr><td style=\"white-space:nowrap\">0503<a name=\"iwi-code-0503\"> </a></td><td>Ngāti Ranginui</td></tr><tr><td style=\"white-space:nowrap\">0504<a name=\"iwi-code-0504\"> </a></td><td>Ngāti Awa</td></tr><tr><td style=\"white-space:nowrap\">0505<a name=\"iwi-code-0505\"> </a></td><td>Ngāti Manawa</td></tr><tr><td style=\"white-space:nowrap\">0506<a name=\"iwi-code-0506\"> </a></td><td>Ngāi Tai (Tauranga Moana/Mātaatua)</td></tr><tr><td style=\"white-space:nowrap\">0507<a name=\"iwi-code-0507\"> </a></td><td>Tūhoe</td></tr><tr><td style=\"white-space:nowrap\">0508<a name=\"iwi-code-0508\"> </a></td><td>Whakatōhea</td></tr><tr><td style=\"white-space:nowrap\">0509<a name=\"iwi-code-0509\"> </a></td><td>Te Whānau-ā-Apanui</td></tr><tr><td style=\"white-space:nowrap\">0510<a name=\"iwi-code-0510\"> </a></td><td>Ngāti Whare</td></tr><tr><td style=\"white-space:nowrap\">0511<a name=\"iwi-code-0511\"> </a></td><td>Ngā Pōtiki ā Tamapahore</td></tr><tr><td style=\"white-space:nowrap\">0512<a name=\"iwi-code-0512\"> </a></td><td>Te Upokorehe</td></tr><tr><td style=\"white-space:nowrap\">0513<a name=\"iwi-code-0513\"> </a></td><td>Ngāti Tūwharetoa ki Kawerau</td></tr><tr><td style=\"white-space:nowrap\">06<a name=\"iwi-code-06\"> </a></td><td>Te Tai Rāwhiti (East Coast) Region Iwi</td></tr><tr><td style=\"white-space:nowrap\">0601<a name=\"iwi-code-0601\"> </a></td><td>Ngāti Porou</td></tr><tr><td style=\"white-space:nowrap\">0602<a name=\"iwi-code-0602\"> </a></td><td>Te Aitanga-a-Māhaki</td></tr><tr><td style=\"white-space:nowrap\">0603<a name=\"iwi-code-0603\"> </a></td><td>Rongowhakaata</td></tr><tr><td style=\"white-space:nowrap\">0604<a name=\"iwi-code-0604\"> </a></td><td>Ngāi Tāmanuhiri</td></tr><tr><td style=\"white-space:nowrap\">0605<a name=\"iwi-code-0605\"> </a></td><td>Te Aitanga ā Hauiti</td></tr><tr><td style=\"white-space:nowrap\">07<a name=\"iwi-code-07\"> </a></td><td>Te Matau-a-Māui/Wairarapa (Hawke's Bay/Wairarapa) Region iwi</td></tr><tr><td style=\"white-space:nowrap\">0701<a name=\"iwi-code-0701\"> </a></td><td>Rongomaiwahine (Te Māhia)</td></tr><tr><td style=\"white-space:nowrap\">0702<a name=\"iwi-code-0702\"> </a></td><td>Ngāti Kahungunu ki Te Wairoa</td></tr><tr><td style=\"white-space:nowrap\">0703<a name=\"iwi-code-0703\"> </a></td><td>Ngāti Kahungunu ki Heretaunga</td></tr><tr><td style=\"white-space:nowrap\">0704<a name=\"iwi-code-0704\"> </a></td><td>Ngāti Kahungunu ki Wairarapa</td></tr><tr><td style=\"white-space:nowrap\">0706<a name=\"iwi-code-0706\"> </a></td><td>Rangitāne (Te Matau-a-Māui/Hawke's Bay/Wairarapa)</td></tr><tr><td style=\"white-space:nowrap\">0707<a name=\"iwi-code-0707\"> </a></td><td>Ngāti Kahungunu ki Te Whanganui-a-Orotu</td></tr><tr><td style=\"white-space:nowrap\">0708<a name=\"iwi-code-0708\"> </a></td><td>Ngāti Kahungunu ki Tamatea</td></tr><tr><td style=\"white-space:nowrap\">0709<a name=\"iwi-code-0709\"> </a></td><td>Ngāti Kahungunu ki Tamakinui a Rua</td></tr><tr><td style=\"white-space:nowrap\">0710<a name=\"iwi-code-0710\"> </a></td><td>Ngāti Pāhauwera</td></tr><tr><td style=\"white-space:nowrap\">0711<a name=\"iwi-code-0711\"> </a></td><td>Ngāti Rākaipaaka</td></tr><tr><td style=\"white-space:nowrap\">0712<a name=\"iwi-code-0712\"> </a></td><td>Ngāti Hineuru</td></tr><tr><td style=\"white-space:nowrap\">0713<a name=\"iwi-code-0713\"> </a></td><td>Maungaharuru Tangitū</td></tr><tr><td style=\"white-space:nowrap\">0714<a name=\"iwi-code-0714\"> </a></td><td>Rangitāne o Tamaki nui ā Rua</td></tr><tr><td style=\"white-space:nowrap\">0715<a name=\"iwi-code-0715\"> </a></td><td>Ngāti Ruapani ki Waikaremoana</td></tr><tr><td style=\"white-space:nowrap\">0716<a name=\"iwi-code-0716\"> </a></td><td>Te Hika o Pāpāuma</td></tr><tr><td style=\"white-space:nowrap\">0717<a name=\"iwi-code-0717\"> </a></td><td>Ngāti Hinemanu (Heretaunga)</td></tr><tr><td style=\"white-space:nowrap\">08<a name=\"iwi-code-08\"> </a></td><td>Taranaki Region Iwi</td></tr><tr><td style=\"white-space:nowrap\">0801<a name=\"iwi-code-0801\"> </a></td><td>Te Atiawa (Taranaki)</td></tr><tr><td style=\"white-space:nowrap\">0802<a name=\"iwi-code-0802\"> </a></td><td>Ngāti Maru (Taranaki)</td></tr><tr><td style=\"white-space:nowrap\">0803<a name=\"iwi-code-0803\"> </a></td><td>Ngāti Mutunga (Taranaki)</td></tr><tr><td style=\"white-space:nowrap\">0804<a name=\"iwi-code-0804\"> </a></td><td>Ngā Rauru</td></tr><tr><td style=\"white-space:nowrap\">0805<a name=\"iwi-code-0805\"> </a></td><td>Ngā Ruahine</td></tr><tr><td style=\"white-space:nowrap\">0806<a name=\"iwi-code-0806\"> </a></td><td>Ngāti Ruanui</td></tr><tr><td style=\"white-space:nowrap\">0807<a name=\"iwi-code-0807\"> </a></td><td>Ngāti Tama (Taranaki)</td></tr><tr><td style=\"white-space:nowrap\">0808<a name=\"iwi-code-0808\"> </a></td><td>Taranaki</td></tr><tr><td style=\"white-space:nowrap\">0809<a name=\"iwi-code-0809\"> </a></td><td>Tangāhoe</td></tr><tr><td style=\"white-space:nowrap\">0810<a name=\"iwi-code-0810\"> </a></td><td>Pakakohi</td></tr><tr><td style=\"white-space:nowrap\">09<a name=\"iwi-code-09\"> </a></td><td>Whanganui/Rangitīkei (Wanganui/Rangitīkei) Region Iwi</td></tr><tr><td style=\"white-space:nowrap\">0901<a name=\"iwi-code-0901\"> </a></td><td>Ngāti Apa (Rangitīkei)</td></tr><tr><td style=\"white-space:nowrap\">0902<a name=\"iwi-code-0902\"> </a></td><td>Te Ati Haunui-a-Pāpārangi</td></tr><tr><td style=\"white-space:nowrap\">0903<a name=\"iwi-code-0903\"> </a></td><td>Ngāti Haua (Taumarunui)</td></tr><tr><td style=\"white-space:nowrap\">0904<a name=\"iwi-code-0904\"> </a></td><td>Ngāti Hauiti (Rangitīkei)</td></tr><tr><td style=\"white-space:nowrap\">0905<a name=\"iwi-code-0905\"> </a></td><td>Ngāti Whitikaupeka (Rangitīkei)</td></tr><tr><td style=\"white-space:nowrap\">0906<a name=\"iwi-code-0906\"> </a></td><td>Ngāi Te Ohuake (Rangitīkei)</td></tr><tr><td style=\"white-space:nowrap\">0907<a name=\"iwi-code-0907\"> </a></td><td>Ngāti Tamakōpiri (Rangitīkei)</td></tr><tr><td style=\"white-space:nowrap\">0908<a name=\"iwi-code-0908\"> </a></td><td>Ngāti Rangi (Ruapehu, Whanganui)</td></tr><tr><td style=\"white-space:nowrap\">0909<a name=\"iwi-code-0909\"> </a></td><td>Uenuku (Ruapehu, Waimarino)</td></tr><tr><td style=\"white-space:nowrap\">0910<a name=\"iwi-code-0910\"> </a></td><td>Tamahaki (Ruapehu, Waimarino)</td></tr><tr><td style=\"white-space:nowrap\">0911<a name=\"iwi-code-0911\"> </a></td><td>Tamakana (Ruapehu, Waimarino)</td></tr><tr><td style=\"white-space:nowrap\">0912<a name=\"iwi-code-0912\"> </a></td><td>Ngāti Hinemanu (Rangitīkei)</td></tr><tr><td style=\"white-space:nowrap\">10<a name=\"iwi-code-10\"> </a></td><td>Manawatū/Horowhenua/Te Whanganui-a-Tara (Manawatū/Horowhenua/Wellington) Region Iwi</td></tr><tr><td style=\"white-space:nowrap\">1001<a name=\"iwi-code-1001\"> </a></td><td>Te Atiawa (Te Whanganui-a-Tara/Wellington)</td></tr><tr><td style=\"white-space:nowrap\">1002<a name=\"iwi-code-1002\"> </a></td><td>Muaūpoko</td></tr><tr><td style=\"white-space:nowrap\">1003<a name=\"iwi-code-1003\"> </a></td><td>Rangitāne (Manawatū)</td></tr><tr><td style=\"white-space:nowrap\">1004<a name=\"iwi-code-1004\"> </a></td><td>Ngāti Raukawa (Horowhenua/Manawatū)</td></tr><tr><td style=\"white-space:nowrap\">1005<a name=\"iwi-code-1005\"> </a></td><td>Ngāti Toarangatira (Te Whanganui-a-Tara/Wellington)</td></tr><tr><td style=\"white-space:nowrap\">1006<a name=\"iwi-code-1006\"> </a></td><td>Te Atiawa ki Whakarongotai</td></tr><tr><td style=\"white-space:nowrap\">1007<a name=\"iwi-code-1007\"> </a></td><td>Ngāti Tama ki Te Upoko o Te Ika (Te Whanganui-a-Tara/Wellington)</td></tr><tr><td style=\"white-space:nowrap\">1008<a name=\"iwi-code-1008\"> </a></td><td>Ngāti Kauwhata</td></tr><tr><td style=\"white-space:nowrap\">1009<a name=\"iwi-code-1009\"> </a></td><td>Ngāti Tukorehe</td></tr><tr><td style=\"white-space:nowrap\">11<a name=\"iwi-code-11\"> </a></td><td>Te Waipounamu (South Island) Region Iwi</td></tr><tr><td style=\"white-space:nowrap\">1101<a name=\"iwi-code-1101\"> </a></td><td>Te Atiawa (Te Waipounamu/South Island)</td></tr><tr><td style=\"white-space:nowrap\">1102<a name=\"iwi-code-1102\"> </a></td><td>Ngāti Koata</td></tr><tr><td style=\"white-space:nowrap\">1103<a name=\"iwi-code-1103\"> </a></td><td>Ngāti Kuia</td></tr><tr><td style=\"white-space:nowrap\">1104<a name=\"iwi-code-1104\"> </a></td><td>Kāti Māmoe</td></tr><tr><td style=\"white-space:nowrap\">1107<a name=\"iwi-code-1107\"> </a></td><td>Rangitāne (Te Waipounamu/South Island)</td></tr><tr><td style=\"white-space:nowrap\">1108<a name=\"iwi-code-1108\"> </a></td><td>Ngāti Rārua</td></tr><tr><td style=\"white-space:nowrap\">1109<a name=\"iwi-code-1109\"> </a></td><td>Ngāi Tahu / Kāi Tahu</td></tr><tr><td style=\"white-space:nowrap\">1110<a name=\"iwi-code-1110\"> </a></td><td>Ngāti Tama ki Te Tauihu</td></tr><tr><td style=\"white-space:nowrap\">1111<a name=\"iwi-code-1111\"> </a></td><td>Ngāti Toarangatira (Te Waipounamu/South Island)</td></tr><tr><td style=\"white-space:nowrap\">1112<a name=\"iwi-code-1112\"> </a></td><td>Waitaha (Te Waipounamu/South Island)</td></tr><tr><td style=\"white-space:nowrap\">1113<a name=\"iwi-code-1113\"> </a></td><td>Ngāti Apa ki Te Rā Tō</td></tr><tr><td style=\"white-space:nowrap\">12<a name=\"iwi-code-12\"> </a></td><td>Rēkohu/Wharekauri (Chatham Islands) Region Imi/Iwi</td></tr><tr><td style=\"white-space:nowrap\">1201<a name=\"iwi-code-1201\"> </a></td><td>Moriori</td></tr><tr><td style=\"white-space:nowrap\">1202<a name=\"iwi-code-1202\"> </a></td><td>Ngāti Mutunga (Wharekauri/Chatham Islands)</td></tr><tr><td style=\"white-space:nowrap\">20<a name=\"iwi-code-20\"> </a></td><td>Confederations and Waka, iwi not named</td></tr><tr><td style=\"white-space:nowrap\">2001<a name=\"iwi-code-2001\"> </a></td><td>Tainui, iwi not named</td></tr><tr><td style=\"white-space:nowrap\">2002<a name=\"iwi-code-2002\"> </a></td><td>Te Arawa, iwi not named</td></tr><tr><td style=\"white-space:nowrap\">2003<a name=\"iwi-code-2003\"> </a></td><td>Tākitimu, iwi not named</td></tr><tr><td style=\"white-space:nowrap\">2004<a name=\"iwi-code-2004\"> </a></td><td>Aotea, iwi not named</td></tr><tr><td style=\"white-space:nowrap\">2005<a name=\"iwi-code-2005\"> </a></td><td>Mātaatua, iwi not named</td></tr><tr><td style=\"white-space:nowrap\">2006<a name=\"iwi-code-2006\"> </a></td><td>Mahuru, iwi not named</td></tr><tr><td style=\"white-space:nowrap\">2007<a name=\"iwi-code-2007\"> </a></td><td>Māmari, iwi not named</td></tr><tr><td style=\"white-space:nowrap\">2008<a name=\"iwi-code-2008\"> </a></td><td>Ngātokimatawhaorua, iwi not named</td></tr><tr><td style=\"white-space:nowrap\">2009<a name=\"iwi-code-2009\"> </a></td><td>Nukutere, iwi not named</td></tr><tr><td style=\"white-space:nowrap\">2010<a name=\"iwi-code-2010\"> </a></td><td>Tokomaru, iwi not named</td></tr><tr><td style=\"white-space:nowrap\">2011<a name=\"iwi-code-2011\"> </a></td><td>Kurahaupō, iwi not named</td></tr><tr><td style=\"white-space:nowrap\">2012<a name=\"iwi-code-2012\"> </a></td><td>Muriwhenua, iwi not named</td></tr><tr><td style=\"white-space:nowrap\">2013<a name=\"iwi-code-2013\"> </a></td><td>Hauraki / Pare Hauraki, iwi not named</td></tr><tr><td style=\"white-space:nowrap\">2014<a name=\"iwi-code-2014\"> </a></td><td>Tūranganui a Kiwa, iwi not named</td></tr><tr><td style=\"white-space:nowrap\">2015<a name=\"iwi-code-2015\"> </a></td><td>Te Tauihu o Te Waka a Māui, iwi not named</td></tr><tr><td style=\"white-space:nowrap\">2016<a name=\"iwi-code-2016\"> </a></td><td>Tauranga Moana, iwi not named</td></tr><tr><td style=\"white-space:nowrap\">2017<a name=\"iwi-code-2017\"> </a></td><td>Horouta, iwi not named</td></tr><tr><td style=\"white-space:nowrap\">2018<a name=\"iwi-code-2018\"> </a></td><td>Mōkai Pātea, iwi not named</td></tr><tr><td style=\"white-space:nowrap\">21<a name=\"iwi-code-21\"> </a></td><td>Iwi named, region not known</td></tr><tr><td style=\"white-space:nowrap\">2101<a name=\"iwi-code-2101\"> </a></td><td>Te Atiawa, region not known</td></tr><tr><td style=\"white-space:nowrap\">2102<a name=\"iwi-code-2102\"> </a></td><td>Ngāti Haua, region not known</td></tr><tr><td style=\"white-space:nowrap\">2103<a name=\"iwi-code-2103\"> </a></td><td>Ngāti Maru, region not known</td></tr><tr><td style=\"white-space:nowrap\">2104<a name=\"iwi-code-2104\"> </a></td><td>Ngāti Mutunga, region not known</td></tr><tr><td style=\"white-space:nowrap\">2105<a name=\"iwi-code-2105\"> </a></td><td>Rangitāne, region not known</td></tr><tr><td style=\"white-space:nowrap\">2106<a name=\"iwi-code-2106\"> </a></td><td>Ngāti Raukawa, region not known</td></tr><tr><td style=\"white-space:nowrap\">2107<a name=\"iwi-code-2107\"> </a></td><td>Ngāti Tama, region not known</td></tr><tr><td style=\"white-space:nowrap\">2108<a name=\"iwi-code-2108\"> </a></td><td>Ngāti Toa, region not known</td></tr><tr><td style=\"white-space:nowrap\">2109<a name=\"iwi-code-2109\"> </a></td><td>Waitaha, region not known</td></tr><tr><td style=\"white-space:nowrap\">2110<a name=\"iwi-code-2110\"> </a></td><td>Ngāti Apa, region not known</td></tr><tr><td style=\"white-space:nowrap\">2111<a name=\"iwi-code-2111\"> </a></td><td>Ngāi Tai, region not known</td></tr><tr><td style=\"white-space:nowrap\">2112<a name=\"iwi-code-2112\"> </a></td><td>Ngāti Kahungunu, region not known</td></tr><tr><td style=\"white-space:nowrap\">2113<a name=\"iwi-code-2113\"> </a></td><td>Ngāti Tūwharetoa, region not known</td></tr><tr><td style=\"white-space:nowrap\">2114<a name=\"iwi-code-2114\"> </a></td><td>Ngāti Hinemanu, region not known</td></tr><tr><td style=\"white-space:nowrap\">22<a name=\"iwi-code-22\"> </a></td><td>Hapū affiliated to more than one iwi</td></tr><tr><td style=\"white-space:nowrap\">2201<a name=\"iwi-code-2201\"> </a></td><td>Hapū affiliated to more than one iwi</td></tr><tr><td style=\"white-space:nowrap\">23<a name=\"iwi-code-23\"> </a></td><td>Region known, Iwi not named</td></tr><tr><td style=\"white-space:nowrap\">2301<a name=\"iwi-code-2301\"> </a></td><td>Te Tai Tokerau/Tāmaki-makaurau Region, Iwi not named</td></tr><tr><td style=\"white-space:nowrap\">2302<a name=\"iwi-code-2302\"> </a></td><td>Hauraki Region, Iwi not named</td></tr><tr><td style=\"white-space:nowrap\">2303<a name=\"iwi-code-2303\"> </a></td><td>Waikato/Te Rohe Pōtae Region, Iwi not named</td></tr><tr><td style=\"white-space:nowrap\">2304<a name=\"iwi-code-2304\"> </a></td><td>Te Arawa/Taupō Region, Iwi not named</td></tr><tr><td style=\"white-space:nowrap\">2305<a name=\"iwi-code-2305\"> </a></td><td>Tauranga Moana/Mātaatua Region, Iwi not named</td></tr><tr><td style=\"white-space:nowrap\">2306<a name=\"iwi-code-2306\"> </a></td><td>Te Tai Rāwhiti Region, Iwi not named</td></tr><tr><td style=\"white-space:nowrap\">2307<a name=\"iwi-code-2307\"> </a></td><td>Te Matau-a-Māui/Wairarapa Region, Iwi not named</td></tr><tr><td style=\"white-space:nowrap\">2308<a name=\"iwi-code-2308\"> </a></td><td>Taranaki Region, Iwi not named</td></tr><tr><td style=\"white-space:nowrap\">2309<a name=\"iwi-code-2309\"> </a></td><td>Whanganui/Rangitīkei Region, Iwi not named</td></tr><tr><td style=\"white-space:nowrap\">2310<a name=\"iwi-code-2310\"> </a></td><td>Manawatū/Horowhenua/Te Whanganui-a-Tara Region, Iwi not named</td></tr><tr><td style=\"white-space:nowrap\">2311<a name=\"iwi-code-2311\"> </a></td><td>Te Waipounamu Region, Iwi not named</td></tr><tr><td style=\"white-space:nowrap\">2312<a name=\"iwi-code-2312\"> </a></td><td>Rēkohu/Wharekauri Region, Imi/Iwi not named</td></tr><tr><td style=\"white-space:nowrap\">44<a name=\"iwi-code-44\"> </a></td><td>Don't Know</td></tr><tr><td style=\"white-space:nowrap\">4444<a name=\"iwi-code-4444\"> </a></td><td>Don't Know</td></tr><tr><td style=\"white-space:nowrap\">55<a name=\"iwi-code-55\"> </a></td><td>Refused To Answer</td></tr><tr><td style=\"white-space:nowrap\">5555<a name=\"iwi-code-5555\"> </a></td><td>Refused To Answer</td></tr><tr><td style=\"white-space:nowrap\">77<a name=\"iwi-code-77\"> </a></td><td>Response Unidentifiable</td></tr><tr><td style=\"white-space:nowrap\">7777<a name=\"iwi-code-7777\"> </a></td><td>Response Unidentifiable</td></tr><tr><td style=\"white-space:nowrap\">88<a name=\"iwi-code-88\"> </a></td><td>Response Outside Scope</td></tr><tr><td style=\"white-space:nowrap\">8888<a name=\"iwi-code-8888\"> </a></td><td>Response Outside Scope</td></tr><tr><td style=\"white-space:nowrap\">99<a name=\"iwi-code-99\"> </a></td><td>Not Stated</td></tr><tr><td style=\"white-space:nowrap\">9999<a name=\"iwi-code-9999\"> </a></td><td>Not Stated</td></tr></table></div>"
  },
  "url" : "https://standards.digital.health.nz/ns/iwi-code",
  "version" : "2.0.0",
  "name" : "Iwi_code",
  "title" : "NZ Iwi",
  "status" : "active",
  "date" : "2022-05-10",
  "publisher" : "HL7 New Zealand",
  "contact" : [{
    "name" : "HL7 New Zealand",
    "telecom" : [{
      "system" : "email",
      "value" : "mailto:admin@hl7.org.nz"
    }]
  }],
  "description" : "NZ Iwi Statistical Standard: 27 May 2022.",
  "copyright" : "© 2017+ Stats NZ",
  "caseSensitive" : true,
  "valueSet" : "https://nzhts.digital.health.nz/fhir/ValueSet/iwi-code",
  "compositional" : false,
  "versionNeeded" : false,
  "content" : "complete",
  "count" : 208,
  "concept" : [{
    "code" : "01",
    "display" : "Te Tai Tokerau/Tāmaki-makaurau (Northland/Auckland) Region Iwi"
  },
  {
    "code" : "0101",
    "display" : "Te Aupōuri"
  },
  {
    "code" : "0102",
    "display" : "Ngāti Kahu"
  },
  {
    "code" : "0103",
    "display" : "Ngāti Kurī"
  },
  {
    "code" : "0104",
    "display" : "Ngāpuhi"
  },
  {
    "code" : "0105",
    "display" : "Ngāpuhi ki Whaingaroa-Ngāti Kahu ki Whaingaroa"
  },
  {
    "code" : "0106",
    "display" : "Te Rarawa"
  },
  {
    "code" : "0107",
    "display" : "Ngāi Takoto"
  },
  {
    "code" : "0108",
    "display" : "Ngāti Wai"
  },
  {
    "code" : "0109",
    "display" : "Ngāti Whātua (not Ōrākei or Kaipara)"
  },
  {
    "code" : "0110",
    "display" : "Te Kawerau ā Maki"
  },
  {
    "code" : "0111",
    "display" : "Te Uri-o-Hau"
  },
  {
    "code" : "0112",
    "display" : "Te Roroa"
  },
  {
    "code" : "0113",
    "display" : "Ngāti Whātua o Kaipara"
  },
  {
    "code" : "0114",
    "display" : "Ngāti Whātua o Ōrākei"
  },
  {
    "code" : "0115",
    "display" : "Ngāi Tai ki Tāmaki"
  },
  {
    "code" : "0116",
    "display" : "Ngāti Hine (Te Tai Tokerau)"
  },
  {
    "code" : "0117",
    "display" : "Te Paatu"
  },
  {
    "code" : "0118",
    "display" : "Ngāti Manuhiri"
  },
  {
    "code" : "0119",
    "display" : "Ngāti Rehua"
  },
  {
    "code" : "0120",
    "display" : "Ngāti Torehina ki Mata-ure ō Hau"
  },
  {
    "code" : "02",
    "display" : "Hauraki (Coromandel) Region Iwi"
  },
  {
    "code" : "0201",
    "display" : "Ngāti Hako"
  },
  {
    "code" : "0202",
    "display" : "Ngāti Hei"
  },
  {
    "code" : "0203",
    "display" : "Ngāti Maru (Hauraki)"
  },
  {
    "code" : "0204",
    "display" : "Ngāti Paoa"
  },
  {
    "code" : "0205",
    "display" : "Patukirikiri"
  },
  {
    "code" : "0206",
    "display" : "Ngāti Porou ki Harataunga ki Mataora"
  },
  {
    "code" : "0207",
    "display" : "Ngāti Pūkenga ki Waiau"
  },
  {
    "code" : "0208",
    "display" : "Ngāti Rāhiri Tumutumu"
  },
  {
    "code" : "0210",
    "display" : "Ngāti Tamaterā"
  },
  {
    "code" : "0211",
    "display" : "Ngāti Tara Tokanui"
  },
  {
    "code" : "0212",
    "display" : "Ngāti Whanaunga"
  },
  {
    "code" : "0213",
    "display" : "Ngāti Huarere"
  },
  {
    "code" : "03",
    "display" : "Waikato/Te Rohe Pōtae (Waikato/King Country) Region Iwi"
  },
  {
    "code" : "0301",
    "display" : "Ngāti Haua (Waikato)"
  },
  {
    "code" : "0302",
    "display" : "Ngāti Maniapoto"
  },
  {
    "code" : "0303",
    "display" : "Raukawa (Waikato)"
  },
  {
    "code" : "0304",
    "display" : "Waikato"
  },
  {
    "code" : "0305",
    "display" : "Ngāti Te Ata"
  },
  {
    "code" : "0306",
    "display" : "Ngāti Hīkairo"
  },
  {
    "code" : "0307",
    "display" : "Rereahu"
  },
  {
    "code" : "0308",
    "display" : "Ngāti Tiipa"
  },
  {
    "code" : "0309",
    "display" : "Ngāti Korokī Kahukura"
  },
  {
    "code" : "0310",
    "display" : "Ngāti Tamaoho"
  },
  {
    "code" : "0311",
    "display" : "Te Ākitai-Waiohua"
  },
  {
    "code" : "0312",
    "display" : "Tainui Awhiro"
  },
  {
    "code" : "04",
    "display" : "Te Arawa/Taupō (Rotorua/Taupō) Region Iwi"
  },
  {
    "code" : "0401",
    "display" : "Ngāti Pikiao (Te Arawa)"
  },
  {
    "code" : "0402",
    "display" : "Ngāti Rangiteaorere (Te Arawa)"
  },
  {
    "code" : "0403",
    "display" : "Ngāti Rangitihi (Te Arawa)"
  },
  {
    "code" : "0404",
    "display" : "Ngāti Rangiwewehi (Te Arawa)"
  },
  {
    "code" : "0405",
    "display" : "Tapuika (Te Arawa)"
  },
  {
    "code" : "0406",
    "display" : "Ngāti Tarāwhai (Te Arawa)"
  },
  {
    "code" : "0407",
    "display" : "Tūhourangi (Te Arawa)"
  },
  {
    "code" : "0408",
    "display" : "Uenuku-Kōpako (Te Arawa)"
  },
  {
    "code" : "0409",
    "display" : "Waitaha (Te Arawa)"
  },
  {
    "code" : "0410",
    "display" : "Ngāti Whakaue (Te Arawa)"
  },
  {
    "code" : "0411",
    "display" : "Ngāti Tūwharetoa (ki Taupō)"
  },
  {
    "code" : "0412",
    "display" : "Ngāti Tahu-Ngāti Whaoa (Te Arawa)"
  },
  {
    "code" : "0413",
    "display" : "Ngāti Mākino"
  },
  {
    "code" : "0414",
    "display" : "Ngāti Kearoa / Ngāti Tuarā"
  },
  {
    "code" : "0415",
    "display" : "Ngāti Rongomai (Te Arawa)"
  },
  {
    "code" : "05",
    "display" : "Tauranga Moana/Mātaatua (Bay of Plenty) Region Iwi"
  },
  {
    "code" : "0501",
    "display" : "Ngāti Pūkenga"
  },
  {
    "code" : "0502",
    "display" : "Ngāi Te Rangi"
  },
  {
    "code" : "0503",
    "display" : "Ngāti Ranginui"
  },
  {
    "code" : "0504",
    "display" : "Ngāti Awa"
  },
  {
    "code" : "0505",
    "display" : "Ngāti Manawa"
  },
  {
    "code" : "0506",
    "display" : "Ngāi Tai (Tauranga Moana/Mātaatua)"
  },
  {
    "code" : "0507",
    "display" : "Tūhoe"
  },
  {
    "code" : "0508",
    "display" : "Whakatōhea"
  },
  {
    "code" : "0509",
    "display" : "Te Whānau-ā-Apanui"
  },
  {
    "code" : "0510",
    "display" : "Ngāti Whare"
  },
  {
    "code" : "0511",
    "display" : "Ngā Pōtiki ā Tamapahore"
  },
  {
    "code" : "0512",
    "display" : "Te Upokorehe"
  },
  {
    "code" : "0513",
    "display" : "Ngāti Tūwharetoa ki Kawerau"
  },
  {
    "code" : "06",
    "display" : "Te Tai Rāwhiti (East Coast) Region Iwi"
  },
  {
    "code" : "0601",
    "display" : "Ngāti Porou"
  },
  {
    "code" : "0602",
    "display" : "Te Aitanga-a-Māhaki"
  },
  {
    "code" : "0603",
    "display" : "Rongowhakaata"
  },
  {
    "code" : "0604",
    "display" : "Ngāi Tāmanuhiri"
  },
  {
    "code" : "0605",
    "display" : "Te Aitanga ā Hauiti"
  },
  {
    "code" : "07",
    "display" : "Te Matau-a-Māui/Wairarapa (Hawke's Bay/Wairarapa) Region iwi"
  },
  {
    "code" : "0701",
    "display" : "Rongomaiwahine (Te Māhia)"
  },
  {
    "code" : "0702",
    "display" : "Ngāti Kahungunu ki Te Wairoa"
  },
  {
    "code" : "0703",
    "display" : "Ngāti Kahungunu ki Heretaunga"
  },
  {
    "code" : "0704",
    "display" : "Ngāti Kahungunu ki Wairarapa"
  },
  {
    "code" : "0706",
    "display" : "Rangitāne (Te Matau-a-Māui/Hawke's Bay/Wairarapa)"
  },
  {
    "code" : "0707",
    "display" : "Ngāti Kahungunu ki Te Whanganui-a-Orotu"
  },
  {
    "code" : "0708",
    "display" : "Ngāti Kahungunu ki Tamatea"
  },
  {
    "code" : "0709",
    "display" : "Ngāti Kahungunu ki Tamakinui a Rua"
  },
  {
    "code" : "0710",
    "display" : "Ngāti Pāhauwera"
  },
  {
    "code" : "0711",
    "display" : "Ngāti Rākaipaaka"
  },
  {
    "code" : "0712",
    "display" : "Ngāti Hineuru"
  },
  {
    "code" : "0713",
    "display" : "Maungaharuru Tangitū"
  },
  {
    "code" : "0714",
    "display" : "Rangitāne o Tamaki nui ā Rua"
  },
  {
    "code" : "0715",
    "display" : "Ngāti Ruapani ki Waikaremoana"
  },
  {
    "code" : "0716",
    "display" : "Te Hika o Pāpāuma"
  },
  {
    "code" : "0717",
    "display" : "Ngāti Hinemanu (Heretaunga)"
  },
  {
    "code" : "08",
    "display" : "Taranaki Region Iwi"
  },
  {
    "code" : "0801",
    "display" : "Te Atiawa (Taranaki)"
  },
  {
    "code" : "0802",
    "display" : "Ngāti Maru (Taranaki)"
  },
  {
    "code" : "0803",
    "display" : "Ngāti Mutunga (Taranaki)"
  },
  {
    "code" : "0804",
    "display" : "Ngā Rauru"
  },
  {
    "code" : "0805",
    "display" : "Ngā Ruahine"
  },
  {
    "code" : "0806",
    "display" : "Ngāti Ruanui"
  },
  {
    "code" : "0807",
    "display" : "Ngāti Tama (Taranaki)"
  },
  {
    "code" : "0808",
    "display" : "Taranaki"
  },
  {
    "code" : "0809",
    "display" : "Tangāhoe"
  },
  {
    "code" : "0810",
    "display" : "Pakakohi"
  },
  {
    "code" : "09",
    "display" : "Whanganui/Rangitīkei (Wanganui/Rangitīkei) Region Iwi"
  },
  {
    "code" : "0901",
    "display" : "Ngāti Apa (Rangitīkei)"
  },
  {
    "code" : "0902",
    "display" : "Te Ati Haunui-a-Pāpārangi"
  },
  {
    "code" : "0903",
    "display" : "Ngāti Haua (Taumarunui)"
  },
  {
    "code" : "0904",
    "display" : "Ngāti Hauiti (Rangitīkei)"
  },
  {
    "code" : "0905",
    "display" : "Ngāti Whitikaupeka (Rangitīkei)"
  },
  {
    "code" : "0906",
    "display" : "Ngāi Te Ohuake (Rangitīkei)"
  },
  {
    "code" : "0907",
    "display" : "Ngāti Tamakōpiri (Rangitīkei)"
  },
  {
    "code" : "0908",
    "display" : "Ngāti Rangi (Ruapehu, Whanganui)"
  },
  {
    "code" : "0909",
    "display" : "Uenuku (Ruapehu, Waimarino)"
  },
  {
    "code" : "0910",
    "display" : "Tamahaki (Ruapehu, Waimarino)"
  },
  {
    "code" : "0911",
    "display" : "Tamakana (Ruapehu, Waimarino)"
  },
  {
    "code" : "0912",
    "display" : "Ngāti Hinemanu (Rangitīkei)"
  },
  {
    "code" : "10",
    "display" : "Manawatū/Horowhenua/Te Whanganui-a-Tara (Manawatū/Horowhenua/Wellington) Region Iwi"
  },
  {
    "code" : "1001",
    "display" : "Te Atiawa (Te Whanganui-a-Tara/Wellington)"
  },
  {
    "code" : "1002",
    "display" : "Muaūpoko"
  },
  {
    "code" : "1003",
    "display" : "Rangitāne (Manawatū)"
  },
  {
    "code" : "1004",
    "display" : "Ngāti Raukawa (Horowhenua/Manawatū)"
  },
  {
    "code" : "1005",
    "display" : "Ngāti Toarangatira (Te Whanganui-a-Tara/Wellington)"
  },
  {
    "code" : "1006",
    "display" : "Te Atiawa ki Whakarongotai"
  },
  {
    "code" : "1007",
    "display" : "Ngāti Tama ki Te Upoko o Te Ika (Te Whanganui-a-Tara/Wellington)"
  },
  {
    "code" : "1008",
    "display" : "Ngāti Kauwhata"
  },
  {
    "code" : "1009",
    "display" : "Ngāti Tukorehe"
  },
  {
    "code" : "11",
    "display" : "Te Waipounamu (South Island) Region Iwi"
  },
  {
    "code" : "1101",
    "display" : "Te Atiawa (Te Waipounamu/South Island)"
  },
  {
    "code" : "1102",
    "display" : "Ngāti Koata"
  },
  {
    "code" : "1103",
    "display" : "Ngāti Kuia"
  },
  {
    "code" : "1104",
    "display" : "Kāti Māmoe"
  },
  {
    "code" : "1107",
    "display" : "Rangitāne (Te Waipounamu/South Island)"
  },
  {
    "code" : "1108",
    "display" : "Ngāti Rārua"
  },
  {
    "code" : "1109",
    "display" : "Ngāi Tahu / Kāi Tahu"
  },
  {
    "code" : "1110",
    "display" : "Ngāti Tama ki Te Tauihu"
  },
  {
    "code" : "1111",
    "display" : "Ngāti Toarangatira (Te Waipounamu/South Island)"
  },
  {
    "code" : "1112",
    "display" : "Waitaha (Te Waipounamu/South Island)"
  },
  {
    "code" : "1113",
    "display" : "Ngāti Apa ki Te Rā Tō"
  },
  {
    "code" : "12",
    "display" : "Rēkohu/Wharekauri (Chatham Islands) Region Imi/Iwi"
  },
  {
    "code" : "1201",
    "display" : "Moriori"
  },
  {
    "code" : "1202",
    "display" : "Ngāti Mutunga (Wharekauri/Chatham Islands)"
  },
  {
    "code" : "20",
    "display" : "Confederations and Waka, iwi not named"
  },
  {
    "code" : "2001",
    "display" : "Tainui, iwi not named"
  },
  {
    "code" : "2002",
    "display" : "Te Arawa, iwi not named"
  },
  {
    "code" : "2003",
    "display" : "Tākitimu, iwi not named"
  },
  {
    "code" : "2004",
    "display" : "Aotea, iwi not named"
  },
  {
    "code" : "2005",
    "display" : "Mātaatua, iwi not named"
  },
  {
    "code" : "2006",
    "display" : "Mahuru, iwi not named"
  },
  {
    "code" : "2007",
    "display" : "Māmari, iwi not named"
  },
  {
    "code" : "2008",
    "display" : "Ngātokimatawhaorua, iwi not named"
  },
  {
    "code" : "2009",
    "display" : "Nukutere, iwi not named"
  },
  {
    "code" : "2010",
    "display" : "Tokomaru, iwi not named"
  },
  {
    "code" : "2011",
    "display" : "Kurahaupō, iwi not named"
  },
  {
    "code" : "2012",
    "display" : "Muriwhenua, iwi not named"
  },
  {
    "code" : "2013",
    "display" : "Hauraki / Pare Hauraki, iwi not named"
  },
  {
    "code" : "2014",
    "display" : "Tūranganui a Kiwa, iwi not named"
  },
  {
    "code" : "2015",
    "display" : "Te Tauihu o Te Waka a Māui, iwi not named"
  },
  {
    "code" : "2016",
    "display" : "Tauranga Moana, iwi not named"
  },
  {
    "code" : "2017",
    "display" : "Horouta, iwi not named"
  },
  {
    "code" : "2018",
    "display" : "Mōkai Pātea, iwi not named"
  },
  {
    "code" : "21",
    "display" : "Iwi named, region not known"
  },
  {
    "code" : "2101",
    "display" : "Te Atiawa, region not known"
  },
  {
    "code" : "2102",
    "display" : "Ngāti Haua, region not known"
  },
  {
    "code" : "2103",
    "display" : "Ngāti Maru, region not known"
  },
  {
    "code" : "2104",
    "display" : "Ngāti Mutunga, region not known"
  },
  {
    "code" : "2105",
    "display" : "Rangitāne, region not known"
  },
  {
    "code" : "2106",
    "display" : "Ngāti Raukawa, region not known"
  },
  {
    "code" : "2107",
    "display" : "Ngāti Tama, region not known"
  },
  {
    "code" : "2108",
    "display" : "Ngāti Toa, region not known"
  },
  {
    "code" : "2109",
    "display" : "Waitaha, region not known"
  },
  {
    "code" : "2110",
    "display" : "Ngāti Apa, region not known"
  },
  {
    "code" : "2111",
    "display" : "Ngāi Tai, region not known"
  },
  {
    "code" : "2112",
    "display" : "Ngāti Kahungunu, region not known"
  },
  {
    "code" : "2113",
    "display" : "Ngāti Tūwharetoa, region not known"
  },
  {
    "code" : "2114",
    "display" : "Ngāti Hinemanu, region not known"
  },
  {
    "code" : "22",
    "display" : "Hapū affiliated to more than one iwi"
  },
  {
    "code" : "2201",
    "display" : "Hapū affiliated to more than one iwi"
  },
  {
    "code" : "23",
    "display" : "Region known, Iwi not named"
  },
  {
    "code" : "2301",
    "display" : "Te Tai Tokerau/Tāmaki-makaurau Region, Iwi not named"
  },
  {
    "code" : "2302",
    "display" : "Hauraki Region, Iwi not named"
  },
  {
    "code" : "2303",
    "display" : "Waikato/Te Rohe Pōtae Region, Iwi not named"
  },
  {
    "code" : "2304",
    "display" : "Te Arawa/Taupō Region, Iwi not named"
  },
  {
    "code" : "2305",
    "display" : "Tauranga Moana/Mātaatua Region, Iwi not named"
  },
  {
    "code" : "2306",
    "display" : "Te Tai Rāwhiti Region, Iwi not named"
  },
  {
    "code" : "2307",
    "display" : "Te Matau-a-Māui/Wairarapa Region, Iwi not named"
  },
  {
    "code" : "2308",
    "display" : "Taranaki Region, Iwi not named"
  },
  {
    "code" : "2309",
    "display" : "Whanganui/Rangitīkei Region, Iwi not named"
  },
  {
    "code" : "2310",
    "display" : "Manawatū/Horowhenua/Te Whanganui-a-Tara Region, Iwi not named"
  },
  {
    "code" : "2311",
    "display" : "Te Waipounamu Region, Iwi not named"
  },
  {
    "code" : "2312",
    "display" : "Rēkohu/Wharekauri Region, Imi/Iwi not named"
  },
  {
    "code" : "44",
    "display" : "Don't Know"
  },
  {
    "code" : "4444",
    "display" : "Don't Know"
  },
  {
    "code" : "55",
    "display" : "Refused To Answer"
  },
  {
    "code" : "5555",
    "display" : "Refused To Answer"
  },
  {
    "code" : "77",
    "display" : "Response Unidentifiable"
  },
  {
    "code" : "7777",
    "display" : "Response Unidentifiable"
  },
  {
    "code" : "88",
    "display" : "Response Outside Scope"
  },
  {
    "code" : "8888",
    "display" : "Response Outside Scope"
  },
  {
    "code" : "99",
    "display" : "Not Stated"
  },
  {
    "code" : "9999",
    "display" : "Not Stated"
  }]
}