{
  "resourceType" : "CodeSystem",
  "id" : "contact-point-purpose",
  "text" : {
    "status" : "generated",
    "div" : "<div xmlns=\"http://www.w3.org/1999/xhtml\"><p>This code system <code>https://standards.digital.health.nz/ns/contact-point-purpose-code</code> defines the following codes:</p><table class=\"codes\"><tr><td style=\"white-space:nowrap\"><b>Code</b></td><td><b>Display</b></td></tr><tr><td style=\"white-space:nowrap\">rx<a name=\"contact-point-purpose-rx\"> </a></td><td>Prescription</td></tr><tr><td style=\"white-space:nowrap\">vc<a name=\"contact-point-purpose-vc\"> </a></td><td>Video Conference</td></tr><tr><td style=\"white-space:nowrap\">wf<a name=\"contact-point-purpose-wf\"> </a></td><td>Web forum</td></tr></table></div>"
  },
  "url" : "https://standards.digital.health.nz/ns/contact-point-purpose-code",
  "version" : "1.0.0",
  "name" : "ContactPointPurpose",
  "title" : "ContactPoint purpose",
  "status" : "active",
  "date" : "2023-02-02T00:37:31+00:00",
  "publisher" : "HL7 New Zealand",
  "contact" : [{
    "name" : "HL7 New Zealand",
    "telecom" : [{
      "system" : "email",
      "value" : "mailto:admin@hl7.org.nz"
    }]
  }],
  "description" : "The purpose of a ContactPoint - what it is used for.",
  "caseSensitive" : true,
  "content" : "complete",
  "count" : 3,
  "concept" : [{
    "code" : "rx",
    "display" : "Prescription"
  },
  {
    "code" : "vc",
    "display" : "Video Conference"
  },
  {
    "code" : "wf",
    "display" : "Web forum"
  }]
}