{
  "resourceType" : "Condition",
  "id" : "condition-long-term-condition",
  "text" : {
    "status" : "extensions",
    "div" : "<div xmlns=\"http://www.w3.org/1999/xhtml\"><p><b>Generated Narrative: Condition</b><a name=\"condition-long-term-condition\"> </a></p><div style=\"display: inline-block; background-color: #d9e0e7; padding: 6px; margin: 4px; border: 1px solid #8da1b4; border-radius: 5px; line-height: 60%\"><p style=\"margin-bottom: 0px\">Resource Condition &quot;condition-long-term-condition&quot; </p></div><p><b>Long Term Condition Indicator</b>: true</p><p><b>code</b>: Benign essential hypertension (disorder) <span style=\"background: LightGoldenRodYellow; margin: 4px; border: 1px solid khaki\"> (<a href=\"https://browser.ihtsdotools.org/\">SNOMED CT</a>#1201005)</span></p><p><b>subject</b>: <a href=\"Patient-patient-dhb.html\">Patient/patient-dhb</a> &quot; DOE&quot;</p></div>"
  },
  "extension" : [{
    "url" : "http://hl7.org.nz/fhir/StructureDefinition/long-term-condition",
    "valueBoolean" : true
  }],
  "code" : {
    "coding" : [{
      "system" : "http://snomed.info/sct",
      "code" : "1201005",
      "display" : "Benign essential hypertension (disorder)"
    }]
  },
  "subject" : {
    "reference" : "Patient/patient-dhb"
  }
}