{
  "resourceType" : "Location",
  "id" : "location-alias-type",
  "text" : {
    "status" : "generated",
    "div" : "<div xmlns=\"http://www.w3.org/1999/xhtml\"><p><b>Generated Narrative: Location</b><a name=\"location-alias-type\"> </a></p><div style=\"display: inline-block; background-color: #d9e0e7; padding: 6px; margin: 4px; border: 1px solid #8da1b4; border-radius: 5px; line-height: 60%\"><p style=\"margin-bottom: 0px\">Resource Location &quot;location-alias-type&quot; </p></div><p><b>name</b>: Daves health centre</p><p><b>alias</b>: Best health</p></div>"
  },
  "name" : "Daves health centre",
  "alias" : ["Best health"],
  "_alias" : [{
    "extension" : [{
      "url" : "http://hl7.org.nz/fhir/StructureDefinition/alias-type",
      "valueCodeableConcept" : {
        "coding" : [{
          "system" : "https://standards.digital.health.nz/ns/alias-type-code",
          "code" : "short",
          "display" : "Short"
        }]
      }
    }]
  }]
}