{
  "resourceType" : "MedicationRequest",
  "id" : "medicationrequest-nzeps-long-term-medication",
  "text" : {
    "status" : "extensions",
    "div" : "<div xmlns=\"http://www.w3.org/1999/xhtml\"><p><b>Generated Narrative: MedicationRequest</b><a name=\"medicationrequest-nzeps-long-term-medication\"> </a></p><div style=\"display: inline-block; background-color: #d9e0e7; padding: 6px; margin: 4px; border: 1px solid #8da1b4; border-radius: 5px; line-height: 60%\"><p style=\"margin-bottom: 0px\">Resource MedicationRequest &quot;medicationrequest-nzeps-long-term-medication&quot; </p></div><p><b>NZePS Long Term Medication Indicator</b>: true</p><p><b>status</b>: active</p><p><b>intent</b>: order</p><p><b>medication</b>: Codeine phosphate <span style=\"background: LightGoldenRodYellow; margin: 4px; border: 1px solid khaki\"> (<a href=\"https://browser.ihtsdotools.org/\">SNOMED CT</a>#261000)</span></p><p><b>subject</b>: <a href=\"Patient-patient-dhb.html\">Patient/patient-dhb</a> &quot; DOE&quot;</p></div>"
  },
  "extension" : [{
    "url" : "http://hl7.org.nz/fhir/StructureDefinition/nzeps-long-term-medication",
    "valueBoolean" : true
  }],
  "status" : "active",
  "intent" : "order",
  "medicationCodeableConcept" : {
    "coding" : [{
      "system" : "http://snomed.info/sct",
      "code" : "261000",
      "display" : "Codeine phosphate"
    }]
  },
  "subject" : {
    "reference" : "Patient/patient-dhb"
  }
}