{
  "resourceType" : "NamingSystem",
  "id" : "nzdental",
  "text" : {
    "status" : "generated",
    "div" : "<div xmlns=\"http://www.w3.org/1999/xhtml\"><h3>Summary</h3><table class=\"grid\"><tr><td>Defining URL</td><td>http://hl7.org.nz/fhir/NamingSystem/nzdental</td></tr><tr><td>Name</td><td>NZDental</td></tr><tr><td>Status</td><td>active</td></tr><tr><td>Definition</td><td><div><p>Dental Council Register Number</p>\n</div></td></tr><tr><td>Publisher</td><td>HL7 New Zealand</td></tr></table><h3>Identifiers</h3><table class=\"grid\"><tr><td><b>Type</b></td><td><b>Value</b></td><td><b>Preferred</b></td></tr><tr><td>URI</td><td>https://standards.digital.health.nz/ns/dental-council-id</td><td>true</td></tr><tr><td>OID</td><td>2.16.840.1.113883.2.18.70.2</td><td/></tr></table></div>"
  },
  "name" : "NZDental",
  "status" : "active",
  "kind" : "identifier",
  "date" : "2020-07-14",
  "publisher" : "HL7 New Zealand",
  "contact" : [{
    "name" : "HL7 New Zealand",
    "telecom" : [{
      "system" : "email",
      "value" : "mailto:admin@hl7.org.nz"
    }]
  }],
  "responsible" : "HISO",
  "type" : {
    "coding" : [{
      "system" : "http://terminology.hl7.org/CodeSystem/v2-0203",
      "code" : "NPI",
      "display" : "National provider identifier"
    }]
  },
  "description" : "Dental Council Register Number",
  "jurisdiction" : [{
    "coding" : [{
      "system" : "urn:iso:std:iso:3166",
      "code" : "NZ"
    }]
  }],
  "uniqueId" : [{
    "type" : "uri",
    "value" : "https://standards.digital.health.nz/ns/dental-council-id",
    "preferred" : true
  },
  {
    "type" : "oid",
    "value" : "2.16.840.1.113883.2.18.70.2"
  }]
}