{
  "resourceType" : "Organization",
  "id" : "organization-funded-programme",
  "text" : {
    "status" : "extensions",
    "div" : "<div xmlns=\"http://www.w3.org/1999/xhtml\"><p><b>Generated Narrative: Organization</b><a name=\"organization-funded-programme\"> </a></p><div style=\"display: inline-block; background-color: #d9e0e7; padding: 6px; margin: 4px; border: 1px solid #8da1b4; border-radius: 5px; line-height: 60%\"><p style=\"margin-bottom: 0px\">Resource Organization &quot;organization-funded-programme&quot; </p></div><blockquote><p><b>Funded Healthcare Programme</b></p><p><b>value</b>: Dental Care - Children up to age 13 <span style=\"background: LightGoldenRodYellow; margin: 4px; border: 1px solid khaki\"> (<a href=\"CodeSystem-funded-programme.html\">Funded Programme</a>#DENTAL_CHILD)</span></p><p><b>value</b>: true</p><p><b>value</b>: Dental care is only free on referral. Your child’s care will normally be managed by the Auckland Regional Dental Services (ARDs).</p></blockquote><p><b>name</b>: Dianes Dental care</p></div>"
  },
  "extension" : [{
    "extension" : [{
      "url" : "fundedProgramme",
      "valueCodeableConcept" : {
        "coding" : [{
          "system" : "https://standards.digital.health.nz/ns/funded-programme-code",
          "code" : "DENTAL_CHILD",
          "display" : "Dental Care - Children up to age 13"
        }]
      }
    },
    {
      "url" : "currentAvailability",
      "valueBoolean" : true
    },
    {
      "url" : "notes",
      "valueString" : "Dental care is only free on referral. Your child’s care will normally be managed by the Auckland Regional Dental Services (ARDs)."
    }],
    "url" : "http://hl7.org.nz/fhir/StructureDefinition/funded-programme"
  }],
  "name" : "Dianes Dental care"
}