{
  "resourceType" : "Patient",
  "id" : "patient-nhi",
  "meta" : {
    "profile" : ["http://hl7.org.nz/fhir/StructureDefinition/NzPatient"]
  },
  "text" : {
    "status" : "generated",
    "div" : "<div xmlns=\"http://www.w3.org/1999/xhtml\"><p style=\"border: 1px #661aff solid; background-color: #e6e6ff; padding: 10px;\"><b>John Doe</b> male, DoB: 1998-01-01 ( id: activeIdent (use: OFFICIAL))</p><hr/><table class=\"grid\"><tr><td style=\"background-color: #f3f5da\" title=\"Other Ids (see the one above)\">Other Ids:</td><td colspan=\"3\"><ul><li>id: dormant (use: OLD)</li><li>id: dormant2 (use: OLD)</li><li>id: other system id (use: OFFICIAL)</li><li>id: other system id2 (use: TEMP)</li></ul></td></tr></table></div>"
  },
  "identifier" : [{
    "use" : "official",
    "system" : "https://standards.digital.health.nz/ns/nhi-id",
    "value" : "activeIdent"
  },
  {
    "use" : "old",
    "system" : "https://standards.digital.health.nz/ns/nhi-id",
    "value" : "dormant"
  },
  {
    "use" : "old",
    "system" : "https://standards.digital.health.nz/ns/nhi-id",
    "value" : "dormant2"
  },
  {
    "use" : "official",
    "system" : "https://example.com/mysystem",
    "value" : "other system id"
  },
  {
    "use" : "temp",
    "system" : "https://example.com/mysystem",
    "value" : "other system id2"
  }],
  "name" : [{
    "text" : "John Doe",
    "family" : "Doe",
    "given" : ["John"]
  }],
  "gender" : "male",
  "birthDate" : "1998-01-01"
}