{
  "resourceType" : "Patient",
  "id" : "patient-nz-citizenship",
  "text" : {
    "status" : "generated",
    "div" : "<div xmlns=\"http://www.w3.org/1999/xhtml\"><p style=\"border: 1px #661aff solid; background-color: #e6e6ff; padding: 10px;\"><b>John Doe</b> male, DoB: 1998-01-01</p><hr/><table class=\"grid\"><tr><td style=\"background-color: #f3f5da\" title=\"New Zealand citizenship\">NZ Citizenship:</td><td colspan=\"3\"><ul><li>status: <span title=\"Codes: {https://standards.digital.health.nz/ns/nz-citizenship-status-code yes}\">Yes</span></li><li>source: <span title=\"Codes: {https://standards.digital.health.nz/ns/information-source-code BREG}\">Birth Register</span></li></ul></td></tr></table></div>"
  },
  "extension" : [{
    "extension" : [{
      "url" : "status",
      "valueCodeableConcept" : {
        "coding" : [{
          "system" : "https://standards.digital.health.nz/ns/nz-citizenship-status-code",
          "code" : "yes",
          "display" : "Yes"
        }]
      }
    },
    {
      "url" : "source",
      "valueCodeableConcept" : {
        "coding" : [{
          "system" : "https://standards.digital.health.nz/ns/information-source-code",
          "code" : "BREG",
          "display" : "Birth Register"
        }]
      }
    }],
    "url" : "http://hl7.org.nz/fhir/StructureDefinition/nz-citizenship"
  }],
  "name" : [{
    "text" : "John Doe",
    "family" : "Doe",
    "given" : ["John"]
  }],
  "gender" : "male",
  "birthDate" : "1998-01-01"
}