{
  "resourceType" : "Patient",
  "id" : "patient-suburb",
  "text" : {
    "status" : "generated",
    "div" : "<div xmlns=\"http://www.w3.org/1999/xhtml\"><p style=\"border: 1px #661aff solid; background-color: #e6e6ff; padding: 10px;\"><b>John Doe</b> male, DoB: 1998-01-01</p><hr/><table class=\"grid\"><tr><td style=\"background-color: #f3f5da\" title=\"Ways to contact the Patient\">Contact Detail:</td><td colspan=\"3\">23 thule st Waipu </td></tr></table></div>"
  },
  "name" : [{
    "text" : "John Doe",
    "family" : "Doe",
    "given" : ["John"]
  }],
  "gender" : "male",
  "birthDate" : "1998-01-01",
  "address" : [{
    "extension" : [{
      "url" : "http://hl7.org.nz/fhir/StructureDefinition/suburb",
      "valueString" : "Cove"
    }],
    "line" : ["23 thule st"],
    "city" : "Waipu"
  }]
}