{
  "resourceType" : "Patient",
  "id" : "patient-messaging-address",
  "text" : {
    "status" : "generated",
    "div" : "<div xmlns=\"http://www.w3.org/1999/xhtml\"><p style=\"border: 1px #661aff solid; background-color: #e6e6ff; padding: 10px;\"><b>John Doe</b> male, DoB: 1998-01-01</p><hr/><table class=\"grid\"><tr><td style=\"background-color: #f3f5da\" title=\"The address to where electronic communications might be sent. For historical reasons, there is an overlap with edi-address.\">Messaging Address:</td><td colspan=\"3\"><ul><li>provider: MedicalObjects</li><li>value: valueMO</li></ul></td></tr></table></div>"
  },
  "extension" : [{
    "extension" : [{
      "url" : "provider",
      "valueString" : "MedicalObjects"
    },
    {
      "url" : "value",
      "valueString" : "valueMO"
    }],
    "url" : "http://hl7.org.nz/fhir/StructureDefinition/messaging-address"
  }],
  "name" : [{
    "text" : "John Doe",
    "family" : "Doe",
    "given" : ["John"]
  }],
  "gender" : "male",
  "birthDate" : "1998-01-01"
}