{
  "resourceType" : "Patient",
  "id" : "patient-information-source",
  "text" : {
    "status" : "generated",
    "div" : "<div xmlns=\"http://www.w3.org/1999/xhtml\"><p style=\"border: 1px #661aff solid; background-color: #e6e6ff; padding: 10px;\"><b>John Doe</b> male, DoB: 1998-01-01</p><hr/></div>"
  },
  "name" : [{
    "extension" : [{
      "url" : "http://hl7.org.nz/fhir/StructureDefinition/information-source",
      "valueCodeableConcept" : {
        "coding" : [{
          "system" : "https://standards.digital.health.nz/ns/information-source-code",
          "code" : "BRCT",
          "display" : "Birth Certificate"
        }]
      }
    }],
    "text" : "John Doe",
    "family" : "Doe",
    "given" : ["John"]
  }],
  "gender" : "male",
  "birthDate" : "1998-01-01",
  "_birthDate" : {
    "extension" : [{
      "url" : "http://hl7.org.nz/fhir/StructureDefinition/information-source",
      "valueCodeableConcept" : {
        "coding" : [{
          "system" : "https://standards.digital.health.nz/ns/information-source-code",
          "code" : "PPRT",
          "display" : "Passport"
        }]
      }
    }]
  }
}