{
  "resourceType" : "Practitioner",
  "id" : "practitioner-edi-address",
  "text" : {
    "status" : "generated",
    "div" : "<div xmlns=\"http://www.w3.org/1999/xhtml\"><p><b>Generated Narrative: Practitioner</b><a name=\"practitioner-edi-address\"> </a></p><div style=\"display: inline-block; background-color: #d9e0e7; padding: 6px; margin: 4px; border: 1px solid #8da1b4; border-radius: 5px; line-height: 60%\"><p style=\"margin-bottom: 0px\">Resource Practitioner &quot;practitioner-edi-address&quot; </p></div><p><b>name</b>: Marcus Welby</p><p><b>telecom</b>: 001a</p><p><b>gender</b>: male</p><p><b>birthDate</b>: 1998-01-01</p></div>"
  },
  "name" : [{
    "text" : "Marcus Welby",
    "family" : "Welby",
    "given" : ["Marcus"]
  }],
  "telecom" : [{
    "system" : "other",
    "_system" : {
      "extension" : [{
        "url" : "http://hl7.org.nz/fhir/StructureDefinition/edi-address",
        "valueString" : "healthlink"
      }]
    },
    "value" : "001a"
  }],
  "gender" : "male",
  "birthDate" : "1998-01-01"
}