{
  "resourceType" : "PractitionerRole",
  "id" : "practitionerRole-creator",
  "text" : {
    "status" : "extensions",
    "div" : "<div xmlns=\"http://www.w3.org/1999/xhtml\"><p><b>Generated Narrative: PractitionerRole</b><a name=\"practitionerRole-creator\"> </a></p><div style=\"display: inline-block; background-color: #d9e0e7; padding: 6px; margin: 4px; border: 1px solid #8da1b4; border-radius: 5px; line-height: 60%\"><p style=\"margin-bottom: 0px\">Resource PractitionerRole &quot;practitionerRole-creator&quot; </p></div><blockquote><p><b>PractitionerRoleCreator</b></p><p><b>value</b>: <a name=\"administrator\"> </a></p><blockquote><p/><p><a name=\"administrator\"> </a></p><p><b>name</b>: Amy Administrator</p></blockquote><p><b>value</b>: <a name=\"mmh\"> </a></p><blockquote><p/><p><a name=\"mmh\"> </a></p><p><b>identifier</b>: id: mmh</p><p><b>name</b>: Middlemore Hospital</p></blockquote></blockquote><hr/><blockquote><p><b>Generated Narrative: Organization #mmh</b><a name=\"mmh\"> </a></p><p><b>identifier</b>: id: mmh</p><p><b>name</b>: Middlemore Hospital</p></blockquote><hr/><blockquote><p><b>Generated Narrative: Practitioner #administrator</b><a name=\"administrator\"> </a></p><p><b>name</b>: Amy Administrator</p></blockquote></div>"
  },
  "contained" : [{
    "resourceType" : "Organization",
    "id" : "mmh",
    "identifier" : [{
      "system" : "https://standards.digital.health.nz/ns/hpi-organisation-id",
      "value" : "mmh"
    }],
    "name" : "Middlemore Hospital"
  },
  {
    "resourceType" : "Practitioner",
    "id" : "administrator",
    "name" : [{
      "text" : "Amy Administrator"
    }]
  }],
  "extension" : [{
    "extension" : [{
      "url" : "person",
      "valueReference" : {
        "reference" : "#administrator"
      }
    },
    {
      "url" : "organization",
      "valueReference" : {
        "reference" : "#mmh"
      }
    }],
    "url" : "http://hl7.org.nz/fhir/StructureDefinition/practitionerRole-creator"
  }]
}