{
  "resourceType" : "ValueSet",
  "id" : "nz-residency",
  "text" : {
    "status" : "generated",
    "div" : "<div xmlns=\"http://www.w3.org/1999/xhtml\"><ul><li>Include all codes defined in <a href=\"CodeSystem-nz-residency.html\"><code>https://standards.digital.health.nz/ns/nz-residency-code</code></a></li></ul></div>"
  },
  "url" : "https://nzhts.digital.health.nz/fhir/ValueSet/nz-residency-code",
  "version" : "1.1.0",
  "name" : "NZResidency",
  "title" : "NZ Residency status",
  "status" : "active",
  "date" : "2023-02-02T00:37:31+00:00",
  "publisher" : "HL7 New Zealand",
  "contact" : [{
    "name" : "HL7 New Zealand",
    "telecom" : [{
      "system" : "email",
      "value" : "mailto:admin@hl7.org.nz"
    }]
  }],
  "description" : "Is the person a NZ resident",
  "compose" : {
    "include" : [{
      "system" : "https://standards.digital.health.nz/ns/nz-residency-code"
    }]
  }
}