<?xml version="1.0" encoding="UTF-8"?><CodeSystem xmlns="http://hl7.org/fhir"><id value="scopeOfPractice"/><text><status value="generated"/><div xmlns="http://www.w3.org/1999/xhtml"><p>This code system <code>https://standards.digital.health.nz/ns/practitioner-scope-of-practice-code</code> defines the following codes:</p><table class="codes"><tr><td style="white-space:nowrap"><b>Code</b></td><td><b>Display</b></td></tr><tr><td style="white-space:nowrap">CHIR<a name="scopeOfPractice-CHIR"> </a></td><td>Chiropractor</td></tr><tr><td style="white-space:nowrap">DEAA<a name="scopeOfPractice-DEAA"> </a></td><td>Administering Local Anaesthetic in Dental Hygiene Practice</td></tr><tr><td style="white-space:nowrap">DEAC<a name="scopeOfPractice-DEAC"> </a></td><td>Adult Care in Dental Therapy Practice</td></tr><tr><td style="white-space:nowrap">DECD<a name="scopeOfPractice-DECD"> </a></td><td>Clinical Dental Technology Practice</td></tr><tr><td style="white-space:nowrap">DEDA<a name="scopeOfPractice-DEDA"> </a></td><td>Dental Auxiliary Practice</td></tr><tr><td style="white-space:nowrap">DEDH<a name="scopeOfPractice-DEDH"> </a></td><td>Dental Hygiene Practice</td></tr><tr><td style="white-space:nowrap">DEDR<a name="scopeOfPractice-DEDR"> </a></td><td>Diagnostic Radiography in Dental Therapy Practice</td></tr><tr><td style="white-space:nowrap">DEDT<a name="scopeOfPractice-DEDT"> </a></td><td>Dental Technology Practice</td></tr><tr><td style="white-space:nowrap">DEEN<a name="scopeOfPractice-DEEN"> </a></td><td>Endodontic Specialists</td></tr><tr><td style="white-space:nowrap">DEEO<a name="scopeOfPractice-DEEO"> </a></td><td>Extra Oral Radiography Practice in Dental Hygiene, Dental Auxiliary and Orthodontic Auxiliary Practice</td></tr><tr><td style="white-space:nowrap">DEGD<a name="scopeOfPractice-DEGD"> </a></td><td>General Dental Therapy Practice</td></tr><tr><td style="white-space:nowrap">DEIA<a name="scopeOfPractice-DEIA"> </a></td><td>Implant over dentures in clinical dental technology practice</td></tr><tr><td style="white-space:nowrap">DEIO<a name="scopeOfPractice-DEIO"> </a></td><td>Intra Oral Radiography in Dental Hygiene, Dental Auxiliary and Orthodontic Auxiliary Practice</td></tr><tr><td style="white-space:nowrap">DENT<a name="scopeOfPractice-DENT"> </a></td><td>General Dental Practice</td></tr><tr><td style="white-space:nowrap">DEOA<a name="scopeOfPractice-DEOA"> </a></td><td>Orthodontic Auxiliary Practice</td></tr><tr><td style="white-space:nowrap">DEOH<a name="scopeOfPractice-DEOH"> </a></td><td>Oral Health Practice</td></tr><tr><td style="white-space:nowrap">DEOM<a name="scopeOfPractice-DEOM"> </a></td><td>Oral Medicine Specialists</td></tr><tr><td style="white-space:nowrap">DEOP<a name="scopeOfPractice-DEOP"> </a></td><td>Oral Pathology Specialists</td></tr><tr><td style="white-space:nowrap">DEOR<a name="scopeOfPractice-DEOR"> </a></td><td>Oral and Maxillofacial Surgery Specialists</td></tr><tr><td style="white-space:nowrap">DEOS<a name="scopeOfPractice-DEOS"> </a></td><td>Oral Surgery Specialists</td></tr><tr><td style="white-space:nowrap">DEPA<a name="scopeOfPractice-DEPA"> </a></td><td>Paediatric Dentistry Specialists</td></tr><tr><td style="white-space:nowrap">DEPD<a name="scopeOfPractice-DEPD"> </a></td><td>Pulpotomies in Dental Therapy Practice</td></tr><tr><td style="white-space:nowrap">DEPE<a name="scopeOfPractice-DEPE"> </a></td><td>Periodontic Specialists</td></tr><tr><td style="white-space:nowrap">DEPH<a name="scopeOfPractice-DEPH"> </a></td><td>Public Health Dentistry(or Community Dentistry) Specialists</td></tr><tr><td style="white-space:nowrap">DEPS<a name="scopeOfPractice-DEPS"> </a></td><td>Prosthodontic Specialists</td></tr><tr><td style="white-space:nowrap">DERD<a name="scopeOfPractice-DERD"> </a></td><td>Radiography in Dental Therapy Practice</td></tr><tr><td style="white-space:nowrap">DERE<a name="scopeOfPractice-DERE"> </a></td><td>Restorative Dentistry Specialists</td></tr><tr><td style="white-space:nowrap">DESN<a name="scopeOfPractice-DESN"> </a></td><td>Special Needs Dentistry Specialists</td></tr><tr><td style="white-space:nowrap">DESP<a name="scopeOfPractice-DESP"> </a></td><td>Orthodontic Specialists</td></tr><tr><td style="white-space:nowrap">DESS<a name="scopeOfPractice-DESS"> </a></td><td>Stainless Steel Crowns in Dental Therapy Practice</td></tr><tr><td style="white-space:nowrap">DEUO<a name="scopeOfPractice-DEUO"> </a></td><td>Undertaking Orthodontic Procedures in Dental Hygiene Practice</td></tr><tr><td style="white-space:nowrap">DIET<a name="scopeOfPractice-DIET"> </a></td><td>Dietitian</td></tr><tr><td style="white-space:nowrap">LTAT<a name="scopeOfPractice-LTAT"> </a></td><td>Anaesthetic Technician</td></tr><tr><td style="white-space:nowrap">LTLS<a name="scopeOfPractice-LTLS"> </a></td><td>Medical Laboratory Scientist</td></tr><tr><td style="white-space:nowrap">LTLT<a name="scopeOfPractice-LTLT"> </a></td><td>Medical Laboratory Technician</td></tr><tr><td style="white-space:nowrap">LTPA<a name="scopeOfPractice-LTPA"> </a></td><td>Medical Laboratory Pre-Analytical Technician</td></tr><tr><td style="white-space:nowrap">MCAM<a name="scopeOfPractice-MCAM"> </a></td><td>Vocational Scope of Accident and Medical Practice</td></tr><tr><td style="white-space:nowrap">MCAN<a name="scopeOfPractice-MCAN"> </a></td><td>Vocational Scope of Anaesthesia</td></tr><tr><td style="white-space:nowrap">MCAP<a name="scopeOfPractice-MCAP"> </a></td><td>Vocational Scope of Pain Medicine</td></tr><tr><td style="white-space:nowrap">MCBM<a name="scopeOfPractice-MCBM"> </a></td><td>Vocational Scope of Breast Medicine</td></tr><tr><td style="white-space:nowrap">MCCG<a name="scopeOfPractice-MCCG"> </a></td><td>Vocational Scope of Clinical Genetics</td></tr><tr><td style="white-space:nowrap">MCCS<a name="scopeOfPractice-MCCS"> </a></td><td>Vocational Scope of Cardiothoracic Surgery</td></tr><tr><td style="white-space:nowrap">MCDE<a name="scopeOfPractice-MCDE"> </a></td><td>Vocational Scope of Dermatology</td></tr><tr><td style="white-space:nowrap">MCDI<a name="scopeOfPractice-MCDI"> </a></td><td>Vocational Scope of Diagnostic and Interventional Radiology</td></tr><tr><td style="white-space:nowrap">MCEM<a name="scopeOfPractice-MCEM"> </a></td><td>Vocational Scope of Emergency Medicine</td></tr><tr><td style="white-space:nowrap">MCFP<a name="scopeOfPractice-MCFP"> </a></td><td>Vocational Scope of Family Planning / Reproductive Health</td></tr><tr><td style="white-space:nowrap">MCGE<a name="scopeOfPractice-MCGE"> </a></td><td>General Scope of Practice</td></tr><tr><td style="white-space:nowrap">MCGP<a name="scopeOfPractice-MCGP"> </a></td><td>Vocational Scope of General Practice</td></tr><tr><td style="white-space:nowrap">MCGS<a name="scopeOfPractice-MCGS"> </a></td><td>Vocational Scope of General Surgery</td></tr><tr><td style="white-space:nowrap">MCIC<a name="scopeOfPractice-MCIC"> </a></td><td>Vocational Scope of Intensive Care Medicine</td></tr><tr><td style="white-space:nowrap">MCIM<a name="scopeOfPractice-MCIM"> </a></td><td>Vocational Scope of Internal Medicine</td></tr><tr><td style="white-space:nowrap">MCMA<a name="scopeOfPractice-MCMA"> </a></td><td>Vocational Scope of Medical Administration</td></tr><tr><td style="white-space:nowrap">MCMM<a name="scopeOfPractice-MCMM"> </a></td><td>Vocational Scope of Musculoskeletal Medicine</td></tr><tr><td style="white-space:nowrap">MCNS<a name="scopeOfPractice-MCNS"> </a></td><td>Vocational Scope of Neurosurgery</td></tr><tr><td style="white-space:nowrap">MCOG<a name="scopeOfPractice-MCOG"> </a></td><td>Vocational Scope of Obstetrics and Gynaecology</td></tr><tr><td style="white-space:nowrap">MCOH<a name="scopeOfPractice-MCOH"> </a></td><td>Vocational Scope of Otolaryngology Head and Neck Surgery</td></tr><tr><td style="white-space:nowrap">MCOM<a name="scopeOfPractice-MCOM"> </a></td><td>Vocational Scope of Occupational Medicine</td></tr><tr><td style="white-space:nowrap">MCOP<a name="scopeOfPractice-MCOP"> </a></td><td>Vocational Scope of Ophthalmology</td></tr><tr><td style="white-space:nowrap">MCOR<a name="scopeOfPractice-MCOR"> </a></td><td>Vocational Scope of Oral and Maxillofacial Surgery</td></tr><tr><td style="white-space:nowrap">MCOS<a name="scopeOfPractice-MCOS"> </a></td><td>Vocational Scope of Orthopaedic Surgery</td></tr><tr><td style="white-space:nowrap">MCPA<a name="scopeOfPractice-MCPA"> </a></td><td>Vocational Scope of Pathology</td></tr><tr><td style="white-space:nowrap">MCPE<a name="scopeOfPractice-MCPE"> </a></td><td>Vocational Scope of Paediatrics</td></tr><tr><td style="white-space:nowrap">MCPG<a name="scopeOfPractice-MCPG"> </a></td><td>Provisional General Scope of Practice</td></tr><tr><td style="white-space:nowrap">MCPH<a name="scopeOfPractice-MCPH"> </a></td><td>Vocational Scope of Public Health Medicine</td></tr><tr><td style="white-space:nowrap">MCPM<a name="scopeOfPractice-MCPM"> </a></td><td>Vocational Scope of Palliative Medicine</td></tr><tr><td style="white-space:nowrap">MCPR<a name="scopeOfPractice-MCPR"> </a></td><td>Vocational Scope of Plastic and Reconstructive Surgery</td></tr><tr><td style="white-space:nowrap">MCPS<a name="scopeOfPractice-MCPS"> </a></td><td>Vocational Scope of Paediatric Surgery</td></tr><tr><td style="white-space:nowrap">MCPV<a name="scopeOfPractice-MCPV"> </a></td><td>Provisional Vocational Scope of Practice</td></tr><tr><td style="white-space:nowrap">MCPY<a name="scopeOfPractice-MCPY"> </a></td><td>Vocational Scope of Psychiatry</td></tr><tr><td style="white-space:nowrap">MCRH<a name="scopeOfPractice-MCRH"> </a></td><td>Vocational Scope of Rural Hospital Medicine</td></tr><tr><td style="white-space:nowrap">MCRM<a name="scopeOfPractice-MCRM"> </a></td><td>Vocational Scope of Rehabilitation Medicine</td></tr><tr><td style="white-space:nowrap">MCRO<a name="scopeOfPractice-MCRO"> </a></td><td>Vocational Scope of Radiation Oncology</td></tr><tr><td style="white-space:nowrap">MCSH<a name="scopeOfPractice-MCSH"> </a></td><td>Vocational Scope of Sexual Health Medicine</td></tr><tr><td style="white-space:nowrap">MCSM<a name="scopeOfPractice-MCSM"> </a></td><td>Vocational Scope of Sports Medicine</td></tr><tr><td style="white-space:nowrap">MCSP<a name="scopeOfPractice-MCSP"> </a></td><td>Special Purpose Scope of Practice</td></tr><tr><td style="white-space:nowrap">MCTR<a name="scopeOfPractice-MCTR"> </a></td><td>Medical Council Temporary Registration</td></tr><tr><td style="white-space:nowrap">MCUR<a name="scopeOfPractice-MCUR"> </a></td><td>Vocational Scope of Urology</td></tr><tr><td style="white-space:nowrap">MCVO<a name="scopeOfPractice-MCVO"> </a></td><td>Vocational Scope of Practice</td></tr><tr><td style="white-space:nowrap">MCVS<a name="scopeOfPractice-MCVS"> </a></td><td>Vocational Scope of Vascular Surgery</td></tr><tr><td style="white-space:nowrap">MWIF<a name="scopeOfPractice-MWIF"> </a></td><td>Midwife</td></tr><tr><td style="white-space:nowrap">NCEN<a name="scopeOfPractice-NCEN"> </a></td><td>Enrolled Nurse</td></tr><tr><td style="white-space:nowrap">NCNA<a name="scopeOfPractice-NCNA"> </a></td><td>Nurse Assistant</td></tr><tr><td style="white-space:nowrap">NCNP<a name="scopeOfPractice-NCNP"> </a></td><td>Nurse Practitioner</td></tr><tr><td style="white-space:nowrap">NCRN<a name="scopeOfPractice-NCRN"> </a></td><td>Registered Nurse</td></tr><tr><td style="white-space:nowrap">OPDI<a name="scopeOfPractice-OPDI"> </a></td><td>Optical Dispensing(Dispensing Optician)</td></tr><tr><td style="white-space:nowrap">OPED<a name="scopeOfPractice-OPED"> </a></td><td>Educator in Optometry(Educator Optometrist)</td></tr><tr><td style="white-space:nowrap">OPET<a name="scopeOfPractice-OPET"> </a></td><td>Educator in Optometry(TPA Endorsement)(Educator Optometrist with Therapeutic Pharmaceutical Agents(TPA) Endorsement)</td></tr><tr><td style="white-space:nowrap">OPLS<a name="scopeOfPractice-OPLS"> </a></td><td>Ophthalmic Laser Surgeries</td></tr><tr><td style="white-space:nowrap">OPPO<a name="scopeOfPractice-OPPO"> </a></td><td>Provisional Optometrist</td></tr><tr><td style="white-space:nowrap">OPTE<a name="scopeOfPractice-OPTE"> </a></td><td>Optometry(TPA Endorsement)(Optometrist with Therapeutic Pharmaceutical Agents(TPA) Endorsement)</td></tr><tr><td style="white-space:nowrap">OPTP<a name="scopeOfPractice-OPTP"> </a></td><td>Optometry(Optometrist)</td></tr><tr><td style="white-space:nowrap">OSTE<a name="scopeOfPractice-OSTE"> </a></td><td>Osteopath</td></tr><tr><td style="white-space:nowrap">OCCT<a name="scopeOfPractice-OCCT"> </a></td><td>Occupational Therapist</td></tr><tr><td style="white-space:nowrap">OSED<a name="scopeOfPractice-OSED"> </a></td><td>Osteopath - Educator</td></tr><tr><td style="white-space:nowrap">OSGE<a name="scopeOfPractice-OSGE"> </a></td><td>Osteopath -Gerontology</td></tr><tr><td style="white-space:nowrap">OSPM<a name="scopeOfPractice-OSPM"> </a></td><td>Osteopath -Pain Management</td></tr><tr><td style="white-space:nowrap">OSSP<a name="scopeOfPractice-OSSP"> </a></td><td>Osteopath - Special Purpose</td></tr><tr><td style="white-space:nowrap">OSTO<a name="scopeOfPractice-OSTO"> </a></td><td>Trainee Osteopath</td></tr><tr><td style="white-space:nowrap">OSVO<a name="scopeOfPractice-OSVO"> </a></td><td>Visiting Osteopath Presenter</td></tr><tr><td style="white-space:nowrap">OSWA<a name="scopeOfPractice-OSWA"> </a></td><td>Osteopath -Western Medical Acupuncture</td></tr><tr><td style="white-space:nowrap">OSCA<a name="scopeOfPractice-OSCA"> </a></td><td>Osteopath -Child and Adolescent Health</td></tr><tr><td style="white-space:nowrap">PAPS<a name="scopeOfPractice-PAPS"> </a></td><td>Paramedic</td></tr><tr><td style="white-space:nowrap">PBPS<a name="scopeOfPractice-PBPS"> </a></td><td>Psychotherapist</td></tr><tr><td style="white-space:nowrap">PBCA<a name="scopeOfPractice-PBCA"> </a></td><td>Psychotherapist with Child and Adolescent Specialism</td></tr><tr><td style="white-space:nowrap">PBIN<a name="scopeOfPractice-PBIN"> </a></td><td>Interim Psychotherapist</td></tr><tr><td style="white-space:nowrap">PSCE<a name="scopeOfPractice-PSCE"> </a></td><td>Clinical and Educational</td></tr><tr><td style="white-space:nowrap">PSCL<a name="scopeOfPractice-PSCL"> </a></td><td>Clinical Psychologist</td></tr><tr><td style="white-space:nowrap">PSCO<a name="scopeOfPractice-PSCO"> </a></td><td>Counselling Psychologist</td></tr><tr><td style="white-space:nowrap">PSED<a name="scopeOfPractice-PSED"> </a></td><td>Educational Psychologist</td></tr><tr><td style="white-space:nowrap">PSHE<a name="scopeOfPractice-PSHE"> </a></td><td>Health Psychologist</td></tr><tr><td style="white-space:nowrap">PSIT<a name="scopeOfPractice-PSIT"> </a></td><td>Trainee or Intern Psychologist</td></tr><tr><td style="white-space:nowrap">PSNE<a name="scopeOfPractice-PSNE"> </a></td><td>Neuropsychologist</td></tr><tr><td style="white-space:nowrap">PSYC<a name="scopeOfPractice-PSYC"> </a></td><td>Psychologist</td></tr><tr><td style="white-space:nowrap">PHAR<a name="scopeOfPractice-PHAR"> </a></td><td>Pharmacist</td></tr><tr><td style="white-space:nowrap">PHIN<a name="scopeOfPractice-PHIN"> </a></td><td>Intern Pharmacist</td></tr><tr><td style="white-space:nowrap">PHPP<a name="scopeOfPractice-PHPP"> </a></td><td>Pharmacist Prescriber</td></tr><tr><td style="white-space:nowrap">PODI<a name="scopeOfPractice-PODI"> </a></td><td>Podiatrist</td></tr><tr><td style="white-space:nowrap">PODP<a name="scopeOfPractice-PODP"> </a></td><td>Podiatric Prescriber</td></tr><tr><td style="white-space:nowrap">PODR<a name="scopeOfPractice-PODR"> </a></td><td>Podiatric Radiographic Imager</td></tr><tr><td style="white-space:nowrap">PODS<a name="scopeOfPractice-PODS"> </a></td><td>Podiatric Surgeon</td></tr><tr><td style="white-space:nowrap">POVD<a name="scopeOfPractice-POVD"> </a></td><td>Visiting Podiatrist Educator/ Presenter</td></tr><tr><td style="white-space:nowrap">PHSO<a name="scopeOfPractice-PHSO"> </a></td><td>Physiotherapist</td></tr><tr><td style="white-space:nowrap">RTMR<a name="scopeOfPractice-RTMR"> </a></td><td>Magnetic Resonance Technologist</td></tr><tr><td style="white-space:nowrap">RTMS<a name="scopeOfPractice-RTMS"> </a></td><td>Sonographer</td></tr><tr><td style="white-space:nowrap">RTMT<a name="scopeOfPractice-RTMT"> </a></td><td>Nuclear Medicine Technologist</td></tr><tr><td style="white-space:nowrap">RTRT<a name="scopeOfPractice-RTRT"> </a></td><td>Radiation Therapist</td></tr><tr><td style="white-space:nowrap">RTTE<a name="scopeOfPractice-RTTE"> </a></td><td>Medical Imaging Technologist</td></tr><tr><td style="white-space:nowrap">RTTM<a name="scopeOfPractice-RTTM"> </a></td><td>Trainee Magnetic Resonance Imaging(MRI) Technologist</td></tr><tr><td style="white-space:nowrap">RTTN<a name="scopeOfPractice-RTTN"> </a></td><td>Trainee Nuclear Medicine Technologist</td></tr><tr><td style="white-space:nowrap">RTTS<a name="scopeOfPractice-RTTS"> </a></td><td>Trainee Sonographer</td></tr></table></div></text><url value="https://standards.digital.health.nz/ns/practitioner-scope-of-practice-code"/><version value="1.0.0"/><name value="ScopeOfPractice"/><title value="Scope of practice"/><status value="active"/><date value="2023-02-02T00:37:31+00:00"/><publisher value="HL7 New Zealand"/><contact><name value="HL7 New Zealand"/><telecom><system value="email"/><value value="mailto:admin@hl7.org.nz"/></telecom></contact><description value="A classification of the type or range of health services that a practitioner is authorised to provide, as determined by the Responsible Authority or other statutory authority (e.g. PHARMAC), that is, what the practitioner can or cannot do. It includes Scope of Practice as defined by the Health Practitioners Competence Assurance Act 2003, any special authorisations granted, and any conditions or limitations imposed by the Responsible Authority."/><jurisdiction><coding><system value="urn:iso:std:iso:3166"/><code value="NZ"/></coding></jurisdiction><caseSensitive value="true"/><content value="complete"/><count value="130"/><concept><code value="CHIR"/><display value="Chiropractor"/></concept><concept><code value="DEAA"/><display value="Administering Local Anaesthetic in Dental Hygiene Practice"/></concept><concept><code value="DEAC"/><display value="Adult Care in Dental Therapy Practice"/></concept><concept><code value="DECD"/><display value="Clinical Dental Technology Practice"/></concept><concept><code value="DEDA"/><display value="Dental Auxiliary Practice"/></concept><concept><code value="DEDH"/><display value="Dental Hygiene Practice"/></concept><concept><code value="DEDR"/><display value="Diagnostic Radiography in Dental Therapy Practice"/></concept><concept><code value="DEDT"/><display value="Dental Technology Practice"/></concept><concept><code value="DEEN"/><display value="Endodontic Specialists"/></concept><concept><code value="DEEO"/><display value="Extra Oral Radiography Practice in Dental Hygiene, Dental Auxiliary and Orthodontic Auxiliary Practice"/></concept><concept><code value="DEGD"/><display value="General Dental Therapy Practice"/></concept><concept><code value="DEIA"/><display value="Implant over dentures in clinical dental technology practice"/></concept><concept><code value="DEIO"/><display value="Intra Oral Radiography in Dental Hygiene, Dental Auxiliary and Orthodontic Auxiliary Practice"/></concept><concept><code value="DENT"/><display value="General Dental Practice"/></concept><concept><code value="DEOA"/><display value="Orthodontic Auxiliary Practice"/></concept><concept><code value="DEOH"/><display value="Oral Health Practice"/></concept><concept><code value="DEOM"/><display value="Oral Medicine Specialists"/></concept><concept><code value="DEOP"/><display value="Oral Pathology Specialists"/></concept><concept><code value="DEOR"/><display value="Oral and Maxillofacial Surgery Specialists"/></concept><concept><code value="DEOS"/><display value="Oral Surgery Specialists"/></concept><concept><code value="DEPA"/><display value="Paediatric Dentistry Specialists"/></concept><concept><code value="DEPD"/><display value="Pulpotomies in Dental Therapy Practice"/></concept><concept><code value="DEPE"/><display value="Periodontic Specialists"/></concept><concept><code value="DEPH"/><display value="Public Health Dentistry(or Community Dentistry) Specialists"/></concept><concept><code value="DEPS"/><display value="Prosthodontic Specialists"/></concept><concept><code value="DERD"/><display value="Radiography in Dental Therapy Practice"/></concept><concept><code value="DERE"/><display value="Restorative Dentistry Specialists"/></concept><concept><code value="DESN"/><display value="Special Needs Dentistry Specialists"/></concept><concept><code value="DESP"/><display value="Orthodontic Specialists"/></concept><concept><code value="DESS"/><display value="Stainless Steel Crowns in Dental Therapy Practice"/></concept><concept><code value="DEUO"/><display value="Undertaking Orthodontic Procedures in Dental Hygiene Practice"/></concept><concept><code value="DIET"/><display value="Dietitian"/></concept><concept><code value="LTAT"/><display value="Anaesthetic Technician"/></concept><concept><code value="LTLS"/><display value="Medical Laboratory Scientist"/></concept><concept><code value="LTLT"/><display value="Medical Laboratory Technician"/></concept><concept><code value="LTPA"/><display value="Medical Laboratory Pre-Analytical Technician"/></concept><concept><code value="MCAM"/><display value="Vocational Scope of Accident and Medical Practice"/></concept><concept><code value="MCAN"/><display value="Vocational Scope of Anaesthesia"/></concept><concept><code value="MCAP"/><display value="Vocational Scope of Pain Medicine"/></concept><concept><code value="MCBM"/><display value="Vocational Scope of Breast Medicine"/></concept><concept><code value="MCCG"/><display value="Vocational Scope of Clinical Genetics"/></concept><concept><code value="MCCS"/><display value="Vocational Scope of Cardiothoracic Surgery"/></concept><concept><code value="MCDE"/><display value="Vocational Scope of Dermatology"/></concept><concept><code value="MCDI"/><display value="Vocational Scope of Diagnostic and Interventional Radiology"/></concept><concept><code value="MCEM"/><display value="Vocational Scope of Emergency Medicine"/></concept><concept><code value="MCFP"/><display value="Vocational Scope of Family Planning / Reproductive Health"/></concept><concept><code value="MCGE"/><display value="General Scope of Practice"/></concept><concept><code value="MCGP"/><display value="Vocational Scope of General Practice"/></concept><concept><code value="MCGS"/><display value="Vocational Scope of General Surgery"/></concept><concept><code value="MCIC"/><display value="Vocational Scope of Intensive Care Medicine"/></concept><concept><code value="MCIM"/><display value="Vocational Scope of Internal Medicine"/></concept><concept><code value="MCMA"/><display value="Vocational Scope of Medical Administration"/></concept><concept><code value="MCMM"/><display value="Vocational Scope of Musculoskeletal Medicine"/></concept><concept><code value="MCNS"/><display value="Vocational Scope of Neurosurgery"/></concept><concept><code value="MCOG"/><display value="Vocational Scope of Obstetrics and Gynaecology"/></concept><concept><code value="MCOH"/><display value="Vocational Scope of Otolaryngology Head and Neck Surgery"/></concept><concept><code value="MCOM"/><display value="Vocational Scope of Occupational Medicine"/></concept><concept><code value="MCOP"/><display value="Vocational Scope of Ophthalmology"/></concept><concept><code value="MCOR"/><display value="Vocational Scope of Oral and Maxillofacial Surgery"/></concept><concept><code value="MCOS"/><display value="Vocational Scope of Orthopaedic Surgery"/></concept><concept><code value="MCPA"/><display value="Vocational Scope of Pathology"/></concept><concept><code value="MCPE"/><display value="Vocational Scope of Paediatrics"/></concept><concept><code value="MCPG"/><display value="Provisional General Scope of Practice"/></concept><concept><code value="MCPH"/><display value="Vocational Scope of Public Health Medicine"/></concept><concept><code value="MCPM"/><display value="Vocational Scope of Palliative Medicine"/></concept><concept><code value="MCPR"/><display value="Vocational Scope of Plastic and Reconstructive Surgery"/></concept><concept><code value="MCPS"/><display value="Vocational Scope of Paediatric Surgery"/></concept><concept><code value="MCPV"/><display value="Provisional Vocational Scope of Practice"/></concept><concept><code value="MCPY"/><display value="Vocational Scope of Psychiatry"/></concept><concept><code value="MCRH"/><display value="Vocational Scope of Rural Hospital Medicine"/></concept><concept><code value="MCRM"/><display value="Vocational Scope of Rehabilitation Medicine"/></concept><concept><code value="MCRO"/><display value="Vocational Scope of Radiation Oncology"/></concept><concept><code value="MCSH"/><display value="Vocational Scope of Sexual Health Medicine"/></concept><concept><code value="MCSM"/><display value="Vocational Scope of Sports Medicine"/></concept><concept><code value="MCSP"/><display value="Special Purpose Scope of Practice"/></concept><concept><code value="MCTR"/><display value="Medical Council Temporary Registration"/></concept><concept><code value="MCUR"/><display value="Vocational Scope of Urology"/></concept><concept><code value="MCVO"/><display value="Vocational Scope of Practice"/></concept><concept><code value="MCVS"/><display value="Vocational Scope of Vascular Surgery"/></concept><concept><code value="MWIF"/><display value="Midwife"/></concept><concept><code value="NCEN"/><display value="Enrolled Nurse"/></concept><concept><code value="NCNA"/><display value="Nurse Assistant"/></concept><concept><code value="NCNP"/><display value="Nurse Practitioner"/></concept><concept><code value="NCRN"/><display value="Registered Nurse"/></concept><concept><code value="OPDI"/><display value="Optical Dispensing(Dispensing Optician)"/></concept><concept><code value="OPED"/><display value="Educator in Optometry(Educator Optometrist)"/></concept><concept><code value="OPET"/><display value="Educator in Optometry(TPA Endorsement)(Educator Optometrist with Therapeutic Pharmaceutical Agents(TPA) Endorsement)"/></concept><concept><code value="OPLS"/><display value="Ophthalmic Laser Surgeries"/></concept><concept><code value="OPPO"/><display value="Provisional Optometrist"/></concept><concept><code value="OPTE"/><display value="Optometry(TPA Endorsement)(Optometrist with Therapeutic Pharmaceutical Agents(TPA) Endorsement)"/></concept><concept><code value="OPTP"/><display value="Optometry(Optometrist)"/></concept><concept><code value="OSTE"/><display value="Osteopath"/></concept><concept><code value="OCCT"/><display value="Occupational Therapist"/></concept><concept><code value="OSED"/><display value="Osteopath - Educator"/></concept><concept><code value="OSGE"/><display value="Osteopath -Gerontology"/></concept><concept><code value="OSPM"/><display value="Osteopath -Pain Management"/></concept><concept><code value="OSSP"/><display value="Osteopath - Special Purpose"/></concept><concept><code value="OSTO"/><display value="Trainee Osteopath"/></concept><concept><code value="OSVO"/><display value="Visiting Osteopath Presenter"/></concept><concept><code value="OSWA"/><display value="Osteopath -Western Medical Acupuncture"/></concept><concept><code value="OSCA"/><display value="Osteopath -Child and Adolescent Health"/></concept><concept><code value="PAPS"/><display value="Paramedic"/></concept><concept><code value="PBPS"/><display value="Psychotherapist"/></concept><concept><code value="PBCA"/><display value="Psychotherapist with Child and Adolescent Specialism"/></concept><concept><code value="PBIN"/><display value="Interim Psychotherapist"/></concept><concept><code value="PSCE"/><display value="Clinical and Educational"/></concept><concept><code value="PSCL"/><display value="Clinical Psychologist"/></concept><concept><code value="PSCO"/><display value="Counselling Psychologist"/></concept><concept><code value="PSED"/><display value="Educational Psychologist"/></concept><concept><code value="PSHE"/><display value="Health Psychologist"/></concept><concept><code value="PSIT"/><display value="Trainee or Intern Psychologist"/></concept><concept><code value="PSNE"/><display value="Neuropsychologist"/></concept><concept><code value="PSYC"/><display value="Psychologist"/></concept><concept><code value="PHAR"/><display value="Pharmacist"/></concept><concept><code value="PHIN"/><display value="Intern Pharmacist"/></concept><concept><code value="PHPP"/><display value="Pharmacist Prescriber"/></concept><concept><code value="PODI"/><display value="Podiatrist"/></concept><concept><code value="PODP"/><display value="Podiatric Prescriber"/></concept><concept><code value="PODR"/><display value="Podiatric Radiographic Imager"/></concept><concept><code value="PODS"/><display value="Podiatric Surgeon"/></concept><concept><code value="POVD"/><display value="Visiting Podiatrist Educator/ Presenter"/></concept><concept><code value="PHSO"/><display value="Physiotherapist"/></concept><concept><code value="RTMR"/><display value="Magnetic Resonance Technologist"/></concept><concept><code value="RTMS"/><display value="Sonographer"/></concept><concept><code value="RTMT"/><display value="Nuclear Medicine Technologist"/></concept><concept><code value="RTRT"/><display value="Radiation Therapist"/></concept><concept><code value="RTTE"/><display value="Medical Imaging Technologist"/></concept><concept><code value="RTTM"/><display value="Trainee Magnetic Resonance Imaging(MRI) Technologist"/></concept><concept><code value="RTTN"/><display value="Trainee Nuclear Medicine Technologist"/></concept><concept><code value="RTTS"/><display value="Trainee Sonographer"/></concept></CodeSystem>