<?xml version="1.0" encoding="UTF-8"?><NamingSystem xmlns="http://hl7.org/fhir"><id value="hpiFacility"/><text><status value="generated"/><div xmlns="http://www.w3.org/1999/xhtml"><h3>Summary</h3><table class="grid"><tr><td>Defining URL</td><td>http://hl7.org.nz/fhir/NamingSystem/hpiFacility</td></tr><tr><td>Name</td><td>HPIFacility</td></tr><tr><td>Status</td><td>active</td></tr><tr><td>Definition</td><td><div><p>HPI facilities</p>
</div></td></tr><tr><td>Publisher</td><td>HL7 New Zealand</td></tr></table><h3>Identifiers</h3><table class="grid"><tr><td><b>Type</b></td><td><b>Value</b></td><td><b>Preferred</b></td><td><b>Comment</b></td></tr><tr><td>URI</td><td>https://standards.digital.health.nz/ns/hpi-facility-id</td><td>true</td><td/></tr><tr><td>URI</td><td>https://standards.digital.health.nz/ns/moh-facility-id</td><td/><td/></tr><tr><td>URI</td><td>https://standards.digital.health.nz/id/hpi-facility</td><td/><td>Deprecated</td></tr><tr><td>OID</td><td>2.16.840.1.113883.2.18.3.2</td><td/><td/></tr><tr><td>URI</td><td>https://standards.digital.health.nz/ns/nzhis-facility-id</td><td/><td/></tr></table></div></text><name value="HPIFacility"/><status value="active"/><kind value="identifier"/><date value="2020-07-14"/><publisher value="HL7 New Zealand"/><contact><name value="HL7 New Zealand"/><telecom><system value="email"/><value value="mailto:admin@hl7.org.nz"/></telecom></contact><responsible value="HISO"/><type><coding><system value="http://terminology.hl7.org/CodeSystem/v2-0203"/><code value="NPI"/><display value="National provider identifier"/></coding></type><description value="HPI facilities"/><jurisdiction><coding><system value="urn:iso:std:iso:3166"/><code value="NZ"/></coding></jurisdiction><uniqueId><type value="uri"/><value value="https://standards.digital.health.nz/ns/hpi-facility-id"/><preferred value="true"/></uniqueId><uniqueId><type value="uri"/><value value="https://standards.digital.health.nz/ns/moh-facility-id"/></uniqueId><uniqueId><type value="uri"/><value value="https://standards.digital.health.nz/id/hpi-facility"/><comment value="Deprecated"/></uniqueId><uniqueId><type value="oid"/><value value="2.16.840.1.113883.2.18.3.2"/></uniqueId><uniqueId><type value="uri"/><value value="https://standards.digital.health.nz/ns/nzhis-facility-id"/></uniqueId></NamingSystem>