<?xml version="1.0" encoding="UTF-8"?><NamingSystem xmlns="http://hl7.org/fhir"><id value="nzpod"/><text><status value="generated"/><div xmlns="http://www.w3.org/1999/xhtml"><h3>Summary</h3><table class="grid"><tr><td>Defining URL</td><td>http://hl7.org.nz/fhir/NamingSystem/nzpod</td></tr><tr><td>Name</td><td>NZPodiatry</td></tr><tr><td>Status</td><td>active</td></tr><tr><td>Definition</td><td><div><p>Podiatrists Board Register Number</p>
</div></td></tr><tr><td>Publisher</td><td>HL7 New Zealand</td></tr></table><h3>Identifiers</h3><table class="grid"><tr><td><b>Type</b></td><td><b>Value</b></td><td><b>Preferred</b></td></tr><tr><td>URI</td><td>https://standards.digital.health.nz/ns/podiatrists-board-id</td><td>true</td></tr><tr><td>OID</td><td>2.16.840.1.113883.2.18.70.8</td><td/></tr></table></div></text><name value="NZPodiatry"/><status value="active"/><kind value="identifier"/><date value="2020-07-14"/><publisher value="HL7 New Zealand"/><contact><name value="HL7 New Zealand"/><telecom><system value="email"/><value value="mailto:admin@hl7.org.nz"/></telecom></contact><responsible value="HISO"/><description value="Podiatrists Board Register Number"/><uniqueId><type value="uri"/><value value="https://standards.digital.health.nz/ns/podiatrists-board-id"/><preferred value="true"/></uniqueId><uniqueId><type value="oid"/><value value="2.16.840.1.113883.2.18.70.8"/></uniqueId></NamingSystem>