<?xml version="1.0" encoding="UTF-8"?><ValueSet xmlns="http://hl7.org/fhir"><id value="ethnicity"/><text><status value="generated"/><div xmlns="http://www.w3.org/1999/xhtml"><ul><li>Include all codes defined in <a href="CodeSystem-ethnicityL4.html"><code>https://standards.digital.health.nz/ns/ethnic-group-level-4-code</code></a></li></ul></div></text><url value="https://nzhts.digital.health.nz/fhir/ValueSet/ethnic-group-level-4-code"/><version value="2.1.0"/><name value="Ethnicity"/><title value="Ethnicity of a person"/><status value="active"/><date value="2023-02-02T00:37:31+00:00"/><publisher value="HL7 New Zealand"/><contact><name value="HL7 New Zealand"/><telecom><system value="email"/><value value="mailto:admin@hl7.org.nz"/></telecom></contact><description value="Codes to record a person's ethnicity, drawn from [Level 4 of the Ethnicity code system](http://aria.stats.govt.nz/aria/#ClassificationView:uri=http://stats.govt.nz/cms/ClassificationVersion/YVqOcFHSlguKkT17)"/><compose><include><system value="https://standards.digital.health.nz/ns/ethnic-group-level-4-code"/></include></compose></ValueSet>