<?xml version="1.0" encoding="UTF-8"?><ValueSet xmlns="http://hl7.org/fhir"><id value="funded-programme"/><text><status value="generated"/><div xmlns="http://www.w3.org/1999/xhtml"><ul><li>Include all codes defined in <a href="CodeSystem-funded-programme.html"><code>https://standards.digital.health.nz/ns/funded-programme-code</code></a></li></ul></div></text><url value="https://nzhts.digital.health.nz/fhir/ValueSet/funded-programme-code"/><version value="1.0.0"/><name value="FundedProgramme"/><title value="Funded Programme"/><status value="active"/><date value="2023-02-02T00:37:31+00:00"/><publisher value="HL7 New Zealand"/><contact><name value="HL7 New Zealand"/><telecom><system value="email"/><value value="mailto:admin@hl7.org.nz"/></telecom></contact><description value="Some sort of funded programme"/><compose><include><system value="https://standards.digital.health.nz/ns/funded-programme-code"/></include></compose></ValueSet>