<?xml version="1.0" encoding="UTF-8"?><ValueSet xmlns="http://hl7.org/fhir"><id value="coverage-category"/><text><status value="generated"/><div xmlns="http://www.w3.org/1999/xhtml"><ul><li>Include all codes defined in <a href="CodeSystem-coverage-category.html"><code>https://standards.digital.health.nz/ns/coverage-category-code</code></a></li></ul></div></text><url value="https://nzhts.digital.health.nz/fhir/ValueSet/coverage-category-code"/><version value="1.0.0"/><name value="CoverageCategory"/><title value="Coverage Category"/><status value="active"/><date value="2023-02-02T00:37:31+00:00"/><publisher value="HL7 New Zealand"/><contact><name value="HL7 New Zealand"/><telecom><system value="email"/><value value="mailto:admin@hl7.org.nz"/></telecom></contact><description value="New Zealand codes for Coverage category types"/><compose><include><system value="https://standards.digital.health.nz/ns/coverage-category-code"/></include></compose></ValueSet>