<?xml version="1.0" encoding="UTF-8"?><ValueSet xmlns="http://hl7.org/fhir"><id value="datumCode"/><text><status value="generated"/><div xmlns="http://www.w3.org/1999/xhtml"><ul><li>Include all codes defined in <a href="CodeSystem-datum-code.html"><code>https://standards.digital.health.nz/ns/nz-datum-code</code></a></li></ul></div></text><url value="https://nzhts.digital.health.nz/fhir/ValueSet/nz-datum-code"/><version value="2.1.0"/><name value="DatumCode"/><title value="Datum code"/><status value="active"/><date value="2023-02-02T00:37:31+00:00"/><publisher value="HL7 New Zealand"/><contact><name value="HL7 New Zealand"/><telecom><system value="email"/><value value="mailto:admin@hl7.org.nz"/></telecom></contact><description value="Datum codes used"/><jurisdiction><coding><system value="urn:iso:std:iso:3166"/><code value="NZ"/></coding></jurisdiction><compose><include><system value="https://standards.digital.health.nz/ns/nz-datum-code"/></include></compose></ValueSet>