<?xml version="1.0" encoding="UTF-8"?><ValueSet xmlns="http://hl7.org/fhir"><id value="practitioner-registration-status-code"/><text><status value="generated"/><div xmlns="http://www.w3.org/1999/xhtml"><ul><li>Include all codes defined in <a href="CodeSystem-practitioner-registration-status-code.html"><code>https://standards.digital.health.nz/ns/practitioner-registration-status-code</code></a></li></ul></div></text><url value="https://nzhts.digital.health.nz/fhir/ValueSet/practitioner-registration-status-code"/><version value="2.0"/><name value="PractitionerRegistrationStatusCode"/><title value="Registration Status of Practitioners"/><status value="active"/><date value="2023-02-02T00:37:31+00:00"/><publisher value="HL7 New Zealand"/><contact><name value="HL7 New Zealand"/><telecom><system value="email"/><value value="mailto:admin@hl7.org.nz"/></telecom></contact><description value="The code list represents the current practicing status of the Provider Person as per their registration with an RA."/><jurisdiction><coding><system value="urn:iso:std:iso:3166"/><code value="NZ"/></coding></jurisdiction><compose><include><system value="https://standards.digital.health.nz/ns/practitioner-registration-status-code"/></include></compose></ValueSet>