<?xml version="1.0" encoding="UTF-8"?><ValueSet xmlns="http://hl7.org/fhir"><id value="location-alias-type"/><text><status value="generated"/><div xmlns="http://www.w3.org/1999/xhtml"><ul><li>Include all codes defined in <a href="CodeSystem-alias-type.html"><code>https://standards.digital.health.nz/ns/alias-type-code</code></a></li></ul></div></text><url value="https://nzhts.digital.health.nz/fhir/ValueSet/alias-type-code"/><version value="1.0.0"/><name value="AliasType"/><title value="Alias types"/><status value="active"/><date value="2023-02-02T00:37:31+00:00"/><publisher value="HL7 New Zealand"/><contact><name value="HL7 New Zealand"/><telecom><system value="email"/><value value="mailto:admin@hl7.org.nz"/></telecom></contact><description value="The complete set of alias types that apply to Locations and Organizations"/><compose><include><system value="https://standards.digital.health.nz/ns/alias-type-code"/></include></compose></ValueSet>