<?xml version="1.0" encoding="UTF-8"?>

<CodeSystem xmlns="http://hl7.org/fhir">
  <id value="hpi-practitionerRole-status-reason"/>
  <text>
    <status value="generated"/><div xmlns="http://www.w3.org/1999/xhtml"><p>This code system <code>https://standards.digital.health.nz/ns/hpi-practitioner-role-status-reason-code</code> defines the following codes:</p><table class="codes"><tr><td style="white-space:nowrap"><b>Code</b></td></tr><tr><td style="white-space:nowrap">enteredInError<a name="hpi-practitionerRole-status-reason-enteredInError"> </a></td></tr><tr><td style="white-space:nowrap">duplicate<a name="hpi-practitionerRole-status-reason-duplicate"> </a></td></tr><tr><td style="white-space:nowrap">died<a name="hpi-practitionerRole-status-reason-died"> </a></td></tr><tr><td style="white-space:nowrap">other<a name="hpi-practitionerRole-status-reason-other"> </a></td></tr></table></div>
  </text>
  <url value="https://standards.digital.health.nz/ns/hpi-practitioner-role-status-reason-code"/>
  <version value="1.0.0"/>
  <name value="PractitionerRoleStatusReason"/>
  <title value="PractitionerRole status reason"/>
  <status value="active"/>
  <date value="2023-02-02T00:37:31+00:00"/>
  <publisher value="HL7 New Zealand"/>
  <contact>
    <name value="HL7 New Zealand"/>
    <telecom>
      <system value="email"/>
      <value value="mailto:admin@hl7.org.nz"/>
    </telecom>
  </contact>
  <description value="The reason for the current status of PractitionerRole"/>
  <jurisdiction>
    <coding>
      <system value="urn:iso:std:iso:3166"/>
      <code value="NZ"/>
    </coding>
  </jurisdiction>
  <caseSensitive value="true"/>
  <content value="complete"/>
  <count value="4"/>
  <concept>
    <code value="enteredInError"/>
    <display value="enteredInError"/>
  </concept>
  <concept>
    <code value="duplicate"/>
    <display value="duplicate"/>
  </concept>
  <concept>
    <code value="died"/>
    <display value="died"/>
  </concept>
  <concept>
    <code value="other"/>
    <display value="other"/>
  </concept>
</CodeSystem>