<?xml version="1.0" encoding="UTF-8"?>

<CodeSystem xmlns="http://hl7.org/fhir">
  <id value="ethnicityL4"/>
  <text>
    <status value="generated"/><div xmlns="http://www.w3.org/1999/xhtml"><p>This code system <code>https://standards.digital.health.nz/ns/ethnic-group-level-4-code</code> defines the following codes:</p><table class="codes"><tr><td style="white-space:nowrap"><b>Code</b></td><td><b>Display</b></td></tr><tr><td style="white-space:nowrap">10000<a name="ethnicityL4-10000"> </a></td><td>European nfd</td></tr><tr><td style="white-space:nowrap">11111<a name="ethnicityL4-11111"> </a></td><td>New Zealand European</td></tr><tr><td style="white-space:nowrap">12100<a name="ethnicityL4-12100"> </a></td><td>British nfd</td></tr><tr><td style="white-space:nowrap">12111<a name="ethnicityL4-12111"> </a></td><td>Celtic nfd</td></tr><tr><td style="white-space:nowrap">12112<a name="ethnicityL4-12112"> </a></td><td>Channel Islander</td></tr><tr><td style="white-space:nowrap">12113<a name="ethnicityL4-12113"> </a></td><td>Cornish</td></tr><tr><td style="white-space:nowrap">12114<a name="ethnicityL4-12114"> </a></td><td>English</td></tr><tr><td style="white-space:nowrap">12116<a name="ethnicityL4-12116"> </a></td><td>Irish</td></tr><tr><td style="white-space:nowrap">12117<a name="ethnicityL4-12117"> </a></td><td>Manx</td></tr><tr><td style="white-space:nowrap">12119<a name="ethnicityL4-12119"> </a></td><td>Scottish</td></tr><tr><td style="white-space:nowrap">12121<a name="ethnicityL4-12121"> </a></td><td>Welsh</td></tr><tr><td style="white-space:nowrap">12199<a name="ethnicityL4-12199"> </a></td><td>British nec</td></tr><tr><td style="white-space:nowrap">12211<a name="ethnicityL4-12211"> </a></td><td>Dutch</td></tr><tr><td style="white-space:nowrap">12311<a name="ethnicityL4-12311"> </a></td><td>Greek</td></tr><tr><td style="white-space:nowrap">12411<a name="ethnicityL4-12411"> </a></td><td>Polish</td></tr><tr><td style="white-space:nowrap">12500<a name="ethnicityL4-12500"> </a></td><td>South Slav nfd</td></tr><tr><td style="white-space:nowrap">12511<a name="ethnicityL4-12511"> </a></td><td>Croatian</td></tr><tr><td style="white-space:nowrap">12512<a name="ethnicityL4-12512"> </a></td><td>Dalmatian</td></tr><tr><td style="white-space:nowrap">12513<a name="ethnicityL4-12513"> </a></td><td>Macedonian</td></tr><tr><td style="white-space:nowrap">12514<a name="ethnicityL4-12514"> </a></td><td>Serbian</td></tr><tr><td style="white-space:nowrap">12515<a name="ethnicityL4-12515"> </a></td><td>Slovenian</td></tr><tr><td style="white-space:nowrap">12516<a name="ethnicityL4-12516"> </a></td><td>Bosnian</td></tr><tr><td style="white-space:nowrap">12599<a name="ethnicityL4-12599"> </a></td><td>South Slav nec</td></tr><tr><td style="white-space:nowrap">12611<a name="ethnicityL4-12611"> </a></td><td>Italian</td></tr><tr><td style="white-space:nowrap">12711<a name="ethnicityL4-12711"> </a></td><td>German</td></tr><tr><td style="white-space:nowrap">12811<a name="ethnicityL4-12811"> </a></td><td>Australian</td></tr><tr><td style="white-space:nowrap">12911<a name="ethnicityL4-12911"> </a></td><td>Albanian</td></tr><tr><td style="white-space:nowrap">12912<a name="ethnicityL4-12912"> </a></td><td>Armenian</td></tr><tr><td style="white-space:nowrap">12913<a name="ethnicityL4-12913"> </a></td><td>Austrian</td></tr><tr><td style="white-space:nowrap">12914<a name="ethnicityL4-12914"> </a></td><td>Belgian</td></tr><tr><td style="white-space:nowrap">12915<a name="ethnicityL4-12915"> </a></td><td>Bulgarian</td></tr><tr><td style="white-space:nowrap">12916<a name="ethnicityL4-12916"> </a></td><td>Belorussian</td></tr><tr><td style="white-space:nowrap">12918<a name="ethnicityL4-12918"> </a></td><td>Cypriot nfd</td></tr><tr><td style="white-space:nowrap">12919<a name="ethnicityL4-12919"> </a></td><td>Czech</td></tr><tr><td style="white-space:nowrap">12920<a name="ethnicityL4-12920"> </a></td><td>Danish</td></tr><tr><td style="white-space:nowrap">12921<a name="ethnicityL4-12921"> </a></td><td>Estonian</td></tr><tr><td style="white-space:nowrap">12922<a name="ethnicityL4-12922"> </a></td><td>Finnish</td></tr><tr><td style="white-space:nowrap">12923<a name="ethnicityL4-12923"> </a></td><td>Flemish</td></tr><tr><td style="white-space:nowrap">12924<a name="ethnicityL4-12924"> </a></td><td>French</td></tr><tr><td style="white-space:nowrap">12926<a name="ethnicityL4-12926"> </a></td><td>Hungarian</td></tr><tr><td style="white-space:nowrap">12927<a name="ethnicityL4-12927"> </a></td><td>Icelandic</td></tr><tr><td style="white-space:nowrap">12928<a name="ethnicityL4-12928"> </a></td><td>Latvian</td></tr><tr><td style="white-space:nowrap">12929<a name="ethnicityL4-12929"> </a></td><td>Lithuanian</td></tr><tr><td style="white-space:nowrap">12930<a name="ethnicityL4-12930"> </a></td><td>Maltese</td></tr><tr><td style="white-space:nowrap">12931<a name="ethnicityL4-12931"> </a></td><td>Norwegian</td></tr><tr><td style="white-space:nowrap">12932<a name="ethnicityL4-12932"> </a></td><td>Portuguese</td></tr><tr><td style="white-space:nowrap">12933<a name="ethnicityL4-12933"> </a></td><td>Romanian</td></tr><tr><td style="white-space:nowrap">12934<a name="ethnicityL4-12934"> </a></td><td>Romani</td></tr><tr><td style="white-space:nowrap">12935<a name="ethnicityL4-12935"> </a></td><td>Russian</td></tr><tr><td style="white-space:nowrap">12937<a name="ethnicityL4-12937"> </a></td><td>Slavic</td></tr><tr><td style="white-space:nowrap">12938<a name="ethnicityL4-12938"> </a></td><td>Slovak</td></tr><tr><td style="white-space:nowrap">12939<a name="ethnicityL4-12939"> </a></td><td>Spanish</td></tr><tr><td style="white-space:nowrap">12940<a name="ethnicityL4-12940"> </a></td><td>Swedish</td></tr><tr><td style="white-space:nowrap">12941<a name="ethnicityL4-12941"> </a></td><td>Swiss</td></tr><tr><td style="white-space:nowrap">12942<a name="ethnicityL4-12942"> </a></td><td>Ukrainian</td></tr><tr><td style="white-space:nowrap">12943<a name="ethnicityL4-12943"> </a></td><td>American</td></tr><tr><td style="white-space:nowrap">12945<a name="ethnicityL4-12945"> </a></td><td>Canadian</td></tr><tr><td style="white-space:nowrap">12947<a name="ethnicityL4-12947"> </a></td><td>New Caledonian</td></tr><tr><td style="white-space:nowrap">12948<a name="ethnicityL4-12948"> </a></td><td>South African European</td></tr><tr><td style="white-space:nowrap">12949<a name="ethnicityL4-12949"> </a></td><td>Afrikaner</td></tr><tr><td style="white-space:nowrap">12950<a name="ethnicityL4-12950"> </a></td><td>Zimbabwean European</td></tr><tr><td style="white-space:nowrap">12999<a name="ethnicityL4-12999"> </a></td><td>European nec</td></tr><tr><td style="white-space:nowrap">21111<a name="ethnicityL4-21111"> </a></td><td>Māori</td></tr><tr><td style="white-space:nowrap">30000<a name="ethnicityL4-30000"> </a></td><td>Pacific Peoples nfd</td></tr><tr><td style="white-space:nowrap">31111<a name="ethnicityL4-31111"> </a></td><td>Samoan</td></tr><tr><td style="white-space:nowrap">32100<a name="ethnicityL4-32100"> </a></td><td>Cook Islands Maori</td></tr><tr><td style="white-space:nowrap">33111<a name="ethnicityL4-33111"> </a></td><td>Tongan</td></tr><tr><td style="white-space:nowrap">34111<a name="ethnicityL4-34111"> </a></td><td>Niuean</td></tr><tr><td style="white-space:nowrap">35111<a name="ethnicityL4-35111"> </a></td><td>Tokelauan</td></tr><tr><td style="white-space:nowrap">36111<a name="ethnicityL4-36111"> </a></td><td>Fijian</td></tr><tr><td style="white-space:nowrap">37112<a name="ethnicityL4-37112"> </a></td><td>Indigenous Australian</td></tr><tr><td style="white-space:nowrap">37122<a name="ethnicityL4-37122"> </a></td><td>Hawaiian</td></tr><tr><td style="white-space:nowrap">37124<a name="ethnicityL4-37124"> </a></td><td>Kiribati</td></tr><tr><td style="white-space:nowrap">37130<a name="ethnicityL4-37130"> </a></td><td>Nauruan</td></tr><tr><td style="white-space:nowrap">37135<a name="ethnicityL4-37135"> </a></td><td>Papua New Guinean</td></tr><tr><td style="white-space:nowrap">37137<a name="ethnicityL4-37137"> </a></td><td>Pitcairn Islander</td></tr><tr><td style="white-space:nowrap">37138<a name="ethnicityL4-37138"> </a></td><td>Rotuman</td></tr><tr><td style="white-space:nowrap">37140<a name="ethnicityL4-37140"> </a></td><td>Tahitian</td></tr><tr><td style="white-space:nowrap">37141<a name="ethnicityL4-37141"> </a></td><td>Solomon Islander</td></tr><tr><td style="white-space:nowrap">37144<a name="ethnicityL4-37144"> </a></td><td>Tuvaluan</td></tr><tr><td style="white-space:nowrap">37145<a name="ethnicityL4-37145"> </a></td><td>Ni Vanuatu</td></tr><tr><td style="white-space:nowrap">37199<a name="ethnicityL4-37199"> </a></td><td>Pacific Peoples nec</td></tr><tr><td style="white-space:nowrap">40000<a name="ethnicityL4-40000"> </a></td><td>Asian nfd</td></tr><tr><td style="white-space:nowrap">41000<a name="ethnicityL4-41000"> </a></td><td>Southeast Asian nfd</td></tr><tr><td style="white-space:nowrap">41111<a name="ethnicityL4-41111"> </a></td><td>Filipino</td></tr><tr><td style="white-space:nowrap">41211<a name="ethnicityL4-41211"> </a></td><td>Cambodian</td></tr><tr><td style="white-space:nowrap">41311<a name="ethnicityL4-41311"> </a></td><td>Vietnamese</td></tr><tr><td style="white-space:nowrap">41411<a name="ethnicityL4-41411"> </a></td><td>Burmese</td></tr><tr><td style="white-space:nowrap">41412<a name="ethnicityL4-41412"> </a></td><td>Indonesian</td></tr><tr><td style="white-space:nowrap">41413<a name="ethnicityL4-41413"> </a></td><td>Lao</td></tr><tr><td style="white-space:nowrap">41414<a name="ethnicityL4-41414"> </a></td><td>Malay</td></tr><tr><td style="white-space:nowrap">41415<a name="ethnicityL4-41415"> </a></td><td>Thai</td></tr><tr><td style="white-space:nowrap">41416<a name="ethnicityL4-41416"> </a></td><td>Karen</td></tr><tr><td style="white-space:nowrap">41417<a name="ethnicityL4-41417"> </a></td><td>Chin</td></tr><tr><td style="white-space:nowrap">41499<a name="ethnicityL4-41499"> </a></td><td>Southeast Asian nec</td></tr><tr><td style="white-space:nowrap">42100<a name="ethnicityL4-42100"> </a></td><td>Chinese nfd</td></tr><tr><td style="white-space:nowrap">42111<a name="ethnicityL4-42111"> </a></td><td>Hong Kong Chinese</td></tr><tr><td style="white-space:nowrap">42112<a name="ethnicityL4-42112"> </a></td><td>Cambodian Chinese</td></tr><tr><td style="white-space:nowrap">42113<a name="ethnicityL4-42113"> </a></td><td>Malaysian Chinese</td></tr><tr><td style="white-space:nowrap">42114<a name="ethnicityL4-42114"> </a></td><td>Singaporean Chinese</td></tr><tr><td style="white-space:nowrap">42115<a name="ethnicityL4-42115"> </a></td><td>Vietnamese Chinese</td></tr><tr><td style="white-space:nowrap">42116<a name="ethnicityL4-42116"> </a></td><td>Taiwanese</td></tr><tr><td style="white-space:nowrap">42199<a name="ethnicityL4-42199"> </a></td><td>Chinese nec</td></tr><tr><td style="white-space:nowrap">43100<a name="ethnicityL4-43100"> </a></td><td>Indian nfd</td></tr><tr><td style="white-space:nowrap">43111<a name="ethnicityL4-43111"> </a></td><td>Bengali</td></tr><tr><td style="white-space:nowrap">43112<a name="ethnicityL4-43112"> </a></td><td>Fijian Indian</td></tr><tr><td style="white-space:nowrap">43114<a name="ethnicityL4-43114"> </a></td><td>Indian Tamil</td></tr><tr><td style="white-space:nowrap">43115<a name="ethnicityL4-43115"> </a></td><td>Punjabi</td></tr><tr><td style="white-space:nowrap">43116<a name="ethnicityL4-43116"> </a></td><td>Sikh</td></tr><tr><td style="white-space:nowrap">43117<a name="ethnicityL4-43117"> </a></td><td>Anglo Indian</td></tr><tr><td style="white-space:nowrap">43118<a name="ethnicityL4-43118"> </a></td><td>Malaysian Indian</td></tr><tr><td style="white-space:nowrap">43119<a name="ethnicityL4-43119"> </a></td><td>South African Indian</td></tr><tr><td style="white-space:nowrap">43199<a name="ethnicityL4-43199"> </a></td><td>Indian nec</td></tr><tr><td style="white-space:nowrap">44100<a name="ethnicityL4-44100"> </a></td><td>Sri Lankan nfd</td></tr><tr><td style="white-space:nowrap">44111<a name="ethnicityL4-44111"> </a></td><td>Sinhalese</td></tr><tr><td style="white-space:nowrap">44112<a name="ethnicityL4-44112"> </a></td><td>Sri Lankan Tamil</td></tr><tr><td style="white-space:nowrap">44199<a name="ethnicityL4-44199"> </a></td><td>Sri Lankan nec</td></tr><tr><td style="white-space:nowrap">44211<a name="ethnicityL4-44211"> </a></td><td>Japanese</td></tr><tr><td style="white-space:nowrap">44311<a name="ethnicityL4-44311"> </a></td><td>Korean</td></tr><tr><td style="white-space:nowrap">44411<a name="ethnicityL4-44411"> </a></td><td>Afghan</td></tr><tr><td style="white-space:nowrap">44412<a name="ethnicityL4-44412"> </a></td><td>Bangladeshi</td></tr><tr><td style="white-space:nowrap">44413<a name="ethnicityL4-44413"> </a></td><td>Nepali</td></tr><tr><td style="white-space:nowrap">44414<a name="ethnicityL4-44414"> </a></td><td>Pakistani</td></tr><tr><td style="white-space:nowrap">44415<a name="ethnicityL4-44415"> </a></td><td>Tibetan</td></tr><tr><td style="white-space:nowrap">44416<a name="ethnicityL4-44416"> </a></td><td>Eurasian</td></tr><tr><td style="white-space:nowrap">44417<a name="ethnicityL4-44417"> </a></td><td>Bhutanese</td></tr><tr><td style="white-space:nowrap">44418<a name="ethnicityL4-44418"> </a></td><td>Maldivian</td></tr><tr><td style="white-space:nowrap">44419<a name="ethnicityL4-44419"> </a></td><td>Mongolian</td></tr><tr><td style="white-space:nowrap">44499<a name="ethnicityL4-44499"> </a></td><td>Asian nec</td></tr><tr><td style="white-space:nowrap">51100<a name="ethnicityL4-51100"> </a></td><td>Middle Eastern nfd</td></tr><tr><td style="white-space:nowrap">51111<a name="ethnicityL4-51111"> </a></td><td>Algerian</td></tr><tr><td style="white-space:nowrap">51112<a name="ethnicityL4-51112"> </a></td><td>Arab</td></tr><tr><td style="white-space:nowrap">51113<a name="ethnicityL4-51113"> </a></td><td>Assyrian</td></tr><tr><td style="white-space:nowrap">51114<a name="ethnicityL4-51114"> </a></td><td>Egyptian</td></tr><tr><td style="white-space:nowrap">51115<a name="ethnicityL4-51115"> </a></td><td>Iranian/Persian</td></tr><tr><td style="white-space:nowrap">51116<a name="ethnicityL4-51116"> </a></td><td>Iraqi</td></tr><tr><td style="white-space:nowrap">51117<a name="ethnicityL4-51117"> </a></td><td>Israeli/Jewish</td></tr><tr><td style="white-space:nowrap">51118<a name="ethnicityL4-51118"> </a></td><td>Jordanian</td></tr><tr><td style="white-space:nowrap">51119<a name="ethnicityL4-51119"> </a></td><td>Kurd</td></tr><tr><td style="white-space:nowrap">51120<a name="ethnicityL4-51120"> </a></td><td>Lebanese</td></tr><tr><td style="white-space:nowrap">51122<a name="ethnicityL4-51122"> </a></td><td>Moroccan</td></tr><tr><td style="white-space:nowrap">51124<a name="ethnicityL4-51124"> </a></td><td>Palestinian</td></tr><tr><td style="white-space:nowrap">51125<a name="ethnicityL4-51125"> </a></td><td>Syrian</td></tr><tr><td style="white-space:nowrap">51127<a name="ethnicityL4-51127"> </a></td><td>Turkish</td></tr><tr><td style="white-space:nowrap">51199<a name="ethnicityL4-51199"> </a></td><td>Middle Eastern nec</td></tr><tr><td style="white-space:nowrap">52100<a name="ethnicityL4-52100"> </a></td><td>Latin American nfd</td></tr><tr><td style="white-space:nowrap">52111<a name="ethnicityL4-52111"> </a></td><td>Argentinian</td></tr><tr><td style="white-space:nowrap">52112<a name="ethnicityL4-52112"> </a></td><td>Bolivian</td></tr><tr><td style="white-space:nowrap">52113<a name="ethnicityL4-52113"> </a></td><td>Brazilian</td></tr><tr><td style="white-space:nowrap">52114<a name="ethnicityL4-52114"> </a></td><td>Chilean</td></tr><tr><td style="white-space:nowrap">52115<a name="ethnicityL4-52115"> </a></td><td>Colombian</td></tr><tr><td style="white-space:nowrap">52118<a name="ethnicityL4-52118"> </a></td><td>Ecuadorian</td></tr><tr><td style="white-space:nowrap">52123<a name="ethnicityL4-52123"> </a></td><td>Mexican</td></tr><tr><td style="white-space:nowrap">52127<a name="ethnicityL4-52127"> </a></td><td>Peruvian</td></tr><tr><td style="white-space:nowrap">52128<a name="ethnicityL4-52128"> </a></td><td>Puerto Rican</td></tr><tr><td style="white-space:nowrap">52129<a name="ethnicityL4-52129"> </a></td><td>Uruguayan</td></tr><tr><td style="white-space:nowrap">52130<a name="ethnicityL4-52130"> </a></td><td>Venezuelan</td></tr><tr><td style="white-space:nowrap">52199<a name="ethnicityL4-52199"> </a></td><td>Latin American nec</td></tr><tr><td style="white-space:nowrap">53100<a name="ethnicityL4-53100"> </a></td><td>African nfd</td></tr><tr><td style="white-space:nowrap">53113<a name="ethnicityL4-53113"> </a></td><td>Jamaican</td></tr><tr><td style="white-space:nowrap">53114<a name="ethnicityL4-53114"> </a></td><td>Kenyan</td></tr><tr><td style="white-space:nowrap">53115<a name="ethnicityL4-53115"> </a></td><td>Nigerian</td></tr><tr><td style="white-space:nowrap">53116<a name="ethnicityL4-53116"> </a></td><td>African American</td></tr><tr><td style="white-space:nowrap">53118<a name="ethnicityL4-53118"> </a></td><td>Caribbean</td></tr><tr><td style="white-space:nowrap">53119<a name="ethnicityL4-53119"> </a></td><td>Somali</td></tr><tr><td style="white-space:nowrap">53120<a name="ethnicityL4-53120"> </a></td><td>Eritrean</td></tr><tr><td style="white-space:nowrap">53121<a name="ethnicityL4-53121"> </a></td><td>Ethiopian</td></tr><tr><td style="white-space:nowrap">53122<a name="ethnicityL4-53122"> </a></td><td>Ghanaian</td></tr><tr><td style="white-space:nowrap">53123<a name="ethnicityL4-53123"> </a></td><td>Burundian</td></tr><tr><td style="white-space:nowrap">53124<a name="ethnicityL4-53124"> </a></td><td>Congolese</td></tr><tr><td style="white-space:nowrap">53125<a name="ethnicityL4-53125"> </a></td><td>Sudanese</td></tr><tr><td style="white-space:nowrap">53126<a name="ethnicityL4-53126"> </a></td><td>Zambian</td></tr><tr><td style="white-space:nowrap">53127<a name="ethnicityL4-53127"> </a></td><td>Other Zimbabwean</td></tr><tr><td style="white-space:nowrap">53199<a name="ethnicityL4-53199"> </a></td><td>African nec</td></tr><tr><td style="white-space:nowrap">61113<a name="ethnicityL4-61113"> </a></td><td>Indigehous American</td></tr><tr><td style="white-space:nowrap">61115<a name="ethnicityL4-61115"> </a></td><td>Mauritian</td></tr><tr><td style="white-space:nowrap">61116<a name="ethnicityL4-61116"> </a></td><td>Seychellois</td></tr><tr><td style="white-space:nowrap">61117<a name="ethnicityL4-61117"> </a></td><td>Other South African</td></tr><tr><td style="white-space:nowrap">61118<a name="ethnicityL4-61118"> </a></td><td>New Zealander</td></tr><tr><td style="white-space:nowrap">61199<a name="ethnicityL4-61199"> </a></td><td>Other Ethnicity nec</td></tr><tr><td style="white-space:nowrap">94444<a name="ethnicityL4-94444"> </a></td><td>Don't Know</td></tr><tr><td style="white-space:nowrap">95555<a name="ethnicityL4-95555"> </a></td><td>Refused to Answer</td></tr><tr><td style="white-space:nowrap">96666<a name="ethnicityL4-96666"> </a></td><td>Repeated Value</td></tr><tr><td style="white-space:nowrap">97777<a name="ethnicityL4-97777"> </a></td><td>Response Unidentifiable</td></tr><tr><td style="white-space:nowrap">98888<a name="ethnicityL4-98888"> </a></td><td>Response Outside Scope</td></tr><tr><td style="white-space:nowrap">99999<a name="ethnicityL4-99999"> </a></td><td>Not Stated</td></tr></table></div>
  </text>
  <url value="https://standards.digital.health.nz/ns/ethnic-group-level-4-code"/>
  <version value="2.1.0"/>
  <name value="EthnicityL4"/>
  <title value="Level 4 ethnicity codes"/>
  <status value="active"/>
  <date value="2023-02-02T00:37:31+00:00"/>
  <publisher value="HL7 New Zealand"/>
  <contact>
    <name value="HL7 New Zealand"/>
    <telecom>
      <system value="email"/>
      <value value="mailto:admin@hl7.org.nz"/>
    </telecom>
  </contact>
  <description value="Codes to record a person’s ethnicity, drawn from Level 4 of the Ethnicity code system &#xA;described [here](http://aria.stats.govt.nz/aria/#ClassificationView:uri=http://stats.govt.nz/cms/ClassificationVersion/YVqOcFHSlguKkT17)"/>
  <caseSensitive value="true"/>
  <content value="complete"/>
  <count value="186"/>
  <concept>
    <code value="10000"/>
    <display value="European nfd"/>
  </concept>
  <concept>
    <code value="11111"/>
    <display value="New Zealand European"/>
  </concept>
  <concept>
    <code value="12100"/>
    <display value="British nfd"/>
  </concept>
  <concept>
    <code value="12111"/>
    <display value="Celtic nfd"/>
  </concept>
  <concept>
    <code value="12112"/>
    <display value="Channel Islander"/>
  </concept>
  <concept>
    <code value="12113"/>
    <display value="Cornish"/>
  </concept>
  <concept>
    <code value="12114"/>
    <display value="English"/>
  </concept>
  <concept>
    <code value="12116"/>
    <display value="Irish"/>
  </concept>
  <concept>
    <code value="12117"/>
    <display value="Manx"/>
  </concept>
  <concept>
    <code value="12119"/>
    <display value="Scottish"/>
  </concept>
  <concept>
    <code value="12121"/>
    <display value="Welsh"/>
  </concept>
  <concept>
    <code value="12199"/>
    <display value="British nec"/>
  </concept>
  <concept>
    <code value="12211"/>
    <display value="Dutch"/>
  </concept>
  <concept>
    <code value="12311"/>
    <display value="Greek"/>
  </concept>
  <concept>
    <code value="12411"/>
    <display value="Polish"/>
  </concept>
  <concept>
    <code value="12500"/>
    <display value="South Slav nfd"/>
  </concept>
  <concept>
    <code value="12511"/>
    <display value="Croatian"/>
  </concept>
  <concept>
    <code value="12512"/>
    <display value="Dalmatian"/>
  </concept>
  <concept>
    <code value="12513"/>
    <display value="Macedonian"/>
  </concept>
  <concept>
    <code value="12514"/>
    <display value="Serbian"/>
  </concept>
  <concept>
    <code value="12515"/>
    <display value="Slovenian"/>
  </concept>
  <concept>
    <code value="12516"/>
    <display value="Bosnian"/>
  </concept>
  <concept>
    <code value="12599"/>
    <display value="South Slav nec"/>
  </concept>
  <concept>
    <code value="12611"/>
    <display value="Italian"/>
  </concept>
  <concept>
    <code value="12711"/>
    <display value="German"/>
  </concept>
  <concept>
    <code value="12811"/>
    <display value="Australian"/>
  </concept>
  <concept>
    <code value="12911"/>
    <display value="Albanian"/>
  </concept>
  <concept>
    <code value="12912"/>
    <display value="Armenian"/>
  </concept>
  <concept>
    <code value="12913"/>
    <display value="Austrian"/>
  </concept>
  <concept>
    <code value="12914"/>
    <display value="Belgian"/>
  </concept>
  <concept>
    <code value="12915"/>
    <display value="Bulgarian"/>
  </concept>
  <concept>
    <code value="12916"/>
    <display value="Belorussian"/>
  </concept>
  <concept>
    <code value="12918"/>
    <display value="Cypriot nfd"/>
  </concept>
  <concept>
    <code value="12919"/>
    <display value="Czech"/>
  </concept>
  <concept>
    <code value="12920"/>
    <display value="Danish"/>
  </concept>
  <concept>
    <code value="12921"/>
    <display value="Estonian"/>
  </concept>
  <concept>
    <code value="12922"/>
    <display value="Finnish"/>
  </concept>
  <concept>
    <code value="12923"/>
    <display value="Flemish"/>
  </concept>
  <concept>
    <code value="12924"/>
    <display value="French"/>
  </concept>
  <concept>
    <code value="12926"/>
    <display value="Hungarian"/>
  </concept>
  <concept>
    <code value="12927"/>
    <display value="Icelandic"/>
  </concept>
  <concept>
    <code value="12928"/>
    <display value="Latvian"/>
  </concept>
  <concept>
    <code value="12929"/>
    <display value="Lithuanian"/>
  </concept>
  <concept>
    <code value="12930"/>
    <display value="Maltese"/>
  </concept>
  <concept>
    <code value="12931"/>
    <display value="Norwegian"/>
  </concept>
  <concept>
    <code value="12932"/>
    <display value="Portuguese"/>
  </concept>
  <concept>
    <code value="12933"/>
    <display value="Romanian"/>
  </concept>
  <concept>
    <code value="12934"/>
    <display value="Romani"/>
  </concept>
  <concept>
    <code value="12935"/>
    <display value="Russian"/>
  </concept>
  <concept>
    <code value="12937"/>
    <display value="Slavic"/>
  </concept>
  <concept>
    <code value="12938"/>
    <display value="Slovak"/>
  </concept>
  <concept>
    <code value="12939"/>
    <display value="Spanish"/>
  </concept>
  <concept>
    <code value="12940"/>
    <display value="Swedish"/>
  </concept>
  <concept>
    <code value="12941"/>
    <display value="Swiss"/>
  </concept>
  <concept>
    <code value="12942"/>
    <display value="Ukrainian"/>
  </concept>
  <concept>
    <code value="12943"/>
    <display value="American"/>
  </concept>
  <concept>
    <code value="12945"/>
    <display value="Canadian"/>
  </concept>
  <concept>
    <code value="12947"/>
    <display value="New Caledonian"/>
  </concept>
  <concept>
    <code value="12948"/>
    <display value="South African European"/>
  </concept>
  <concept>
    <code value="12949"/>
    <display value="Afrikaner"/>
  </concept>
  <concept>
    <code value="12950"/>
    <display value="Zimbabwean European"/>
  </concept>
  <concept>
    <code value="12999"/>
    <display value="European nec"/>
  </concept>
  <concept>
    <code value="21111"/>
    <display value="Māori"/>
  </concept>
  <concept>
    <code value="30000"/>
    <display value="Pacific Peoples nfd"/>
  </concept>
  <concept>
    <code value="31111"/>
    <display value="Samoan"/>
  </concept>
  <concept>
    <code value="32100"/>
    <display value="Cook Islands Maori"/>
  </concept>
  <concept>
    <code value="33111"/>
    <display value="Tongan"/>
  </concept>
  <concept>
    <code value="34111"/>
    <display value="Niuean"/>
  </concept>
  <concept>
    <code value="35111"/>
    <display value="Tokelauan"/>
  </concept>
  <concept>
    <code value="36111"/>
    <display value="Fijian"/>
  </concept>
  <concept>
    <code value="37112"/>
    <display value="Indigenous Australian"/>
  </concept>
  <concept>
    <code value="37122"/>
    <display value="Hawaiian"/>
  </concept>
  <concept>
    <code value="37124"/>
    <display value="Kiribati"/>
  </concept>
  <concept>
    <code value="37130"/>
    <display value="Nauruan"/>
  </concept>
  <concept>
    <code value="37135"/>
    <display value="Papua New Guinean"/>
  </concept>
  <concept>
    <code value="37137"/>
    <display value="Pitcairn Islander"/>
  </concept>
  <concept>
    <code value="37138"/>
    <display value="Rotuman"/>
  </concept>
  <concept>
    <code value="37140"/>
    <display value="Tahitian"/>
  </concept>
  <concept>
    <code value="37141"/>
    <display value="Solomon Islander"/>
  </concept>
  <concept>
    <code value="37144"/>
    <display value="Tuvaluan"/>
  </concept>
  <concept>
    <code value="37145"/>
    <display value="Ni Vanuatu"/>
  </concept>
  <concept>
    <code value="37199"/>
    <display value="Pacific Peoples nec"/>
  </concept>
  <concept>
    <code value="40000"/>
    <display value="Asian nfd"/>
  </concept>
  <concept>
    <code value="41000"/>
    <display value="Southeast Asian nfd"/>
  </concept>
  <concept>
    <code value="41111"/>
    <display value="Filipino"/>
  </concept>
  <concept>
    <code value="41211"/>
    <display value="Cambodian"/>
  </concept>
  <concept>
    <code value="41311"/>
    <display value="Vietnamese"/>
  </concept>
  <concept>
    <code value="41411"/>
    <display value="Burmese"/>
  </concept>
  <concept>
    <code value="41412"/>
    <display value="Indonesian"/>
  </concept>
  <concept>
    <code value="41413"/>
    <display value="Lao"/>
  </concept>
  <concept>
    <code value="41414"/>
    <display value="Malay"/>
  </concept>
  <concept>
    <code value="41415"/>
    <display value="Thai"/>
  </concept>
  <concept>
    <code value="41416"/>
    <display value="Karen"/>
  </concept>
  <concept>
    <code value="41417"/>
    <display value="Chin"/>
  </concept>
  <concept>
    <code value="41499"/>
    <display value="Southeast Asian nec"/>
  </concept>
  <concept>
    <code value="42100"/>
    <display value="Chinese nfd"/>
  </concept>
  <concept>
    <code value="42111"/>
    <display value="Hong Kong Chinese"/>
  </concept>
  <concept>
    <code value="42112"/>
    <display value="Cambodian Chinese"/>
  </concept>
  <concept>
    <code value="42113"/>
    <display value="Malaysian Chinese"/>
  </concept>
  <concept>
    <code value="42114"/>
    <display value="Singaporean Chinese"/>
  </concept>
  <concept>
    <code value="42115"/>
    <display value="Vietnamese Chinese"/>
  </concept>
  <concept>
    <code value="42116"/>
    <display value="Taiwanese"/>
  </concept>
  <concept>
    <code value="42199"/>
    <display value="Chinese nec"/>
  </concept>
  <concept>
    <code value="43100"/>
    <display value="Indian nfd"/>
  </concept>
  <concept>
    <code value="43111"/>
    <display value="Bengali"/>
  </concept>
  <concept>
    <code value="43112"/>
    <display value="Fijian Indian"/>
  </concept>
  <concept>
    <code value="43114"/>
    <display value="Indian Tamil"/>
  </concept>
  <concept>
    <code value="43115"/>
    <display value="Punjabi"/>
  </concept>
  <concept>
    <code value="43116"/>
    <display value="Sikh"/>
  </concept>
  <concept>
    <code value="43117"/>
    <display value="Anglo Indian"/>
  </concept>
  <concept>
    <code value="43118"/>
    <display value="Malaysian Indian"/>
  </concept>
  <concept>
    <code value="43119"/>
    <display value="South African Indian"/>
  </concept>
  <concept>
    <code value="43199"/>
    <display value="Indian nec"/>
  </concept>
  <concept>
    <code value="44100"/>
    <display value="Sri Lankan nfd"/>
  </concept>
  <concept>
    <code value="44111"/>
    <display value="Sinhalese"/>
  </concept>
  <concept>
    <code value="44112"/>
    <display value="Sri Lankan Tamil"/>
  </concept>
  <concept>
    <code value="44199"/>
    <display value="Sri Lankan nec"/>
  </concept>
  <concept>
    <code value="44211"/>
    <display value="Japanese"/>
  </concept>
  <concept>
    <code value="44311"/>
    <display value="Korean"/>
  </concept>
  <concept>
    <code value="44411"/>
    <display value="Afghan"/>
  </concept>
  <concept>
    <code value="44412"/>
    <display value="Bangladeshi"/>
  </concept>
  <concept>
    <code value="44413"/>
    <display value="Nepali"/>
  </concept>
  <concept>
    <code value="44414"/>
    <display value="Pakistani"/>
  </concept>
  <concept>
    <code value="44415"/>
    <display value="Tibetan"/>
  </concept>
  <concept>
    <code value="44416"/>
    <display value="Eurasian"/>
  </concept>
  <concept>
    <code value="44417"/>
    <display value="Bhutanese"/>
  </concept>
  <concept>
    <code value="44418"/>
    <display value="Maldivian"/>
  </concept>
  <concept>
    <code value="44419"/>
    <display value="Mongolian"/>
  </concept>
  <concept>
    <code value="44499"/>
    <display value="Asian nec"/>
  </concept>
  <concept>
    <code value="51100"/>
    <display value="Middle Eastern nfd"/>
  </concept>
  <concept>
    <code value="51111"/>
    <display value="Algerian"/>
  </concept>
  <concept>
    <code value="51112"/>
    <display value="Arab"/>
  </concept>
  <concept>
    <code value="51113"/>
    <display value="Assyrian"/>
  </concept>
  <concept>
    <code value="51114"/>
    <display value="Egyptian"/>
  </concept>
  <concept>
    <code value="51115"/>
    <display value="Iranian/Persian"/>
  </concept>
  <concept>
    <code value="51116"/>
    <display value="Iraqi"/>
  </concept>
  <concept>
    <code value="51117"/>
    <display value="Israeli/Jewish"/>
  </concept>
  <concept>
    <code value="51118"/>
    <display value="Jordanian"/>
  </concept>
  <concept>
    <code value="51119"/>
    <display value="Kurd"/>
  </concept>
  <concept>
    <code value="51120"/>
    <display value="Lebanese"/>
  </concept>
  <concept>
    <code value="51122"/>
    <display value="Moroccan"/>
  </concept>
  <concept>
    <code value="51124"/>
    <display value="Palestinian"/>
  </concept>
  <concept>
    <code value="51125"/>
    <display value="Syrian"/>
  </concept>
  <concept>
    <code value="51127"/>
    <display value="Turkish"/>
  </concept>
  <concept>
    <code value="51199"/>
    <display value="Middle Eastern nec"/>
  </concept>
  <concept>
    <code value="52100"/>
    <display value="Latin American nfd"/>
  </concept>
  <concept>
    <code value="52111"/>
    <display value="Argentinian"/>
  </concept>
  <concept>
    <code value="52112"/>
    <display value="Bolivian"/>
  </concept>
  <concept>
    <code value="52113"/>
    <display value="Brazilian"/>
  </concept>
  <concept>
    <code value="52114"/>
    <display value="Chilean"/>
  </concept>
  <concept>
    <code value="52115"/>
    <display value="Colombian"/>
  </concept>
  <concept>
    <code value="52118"/>
    <display value="Ecuadorian"/>
  </concept>
  <concept>
    <code value="52123"/>
    <display value="Mexican"/>
  </concept>
  <concept>
    <code value="52127"/>
    <display value="Peruvian"/>
  </concept>
  <concept>
    <code value="52128"/>
    <display value="Puerto Rican"/>
  </concept>
  <concept>
    <code value="52129"/>
    <display value="Uruguayan"/>
  </concept>
  <concept>
    <code value="52130"/>
    <display value="Venezuelan"/>
  </concept>
  <concept>
    <code value="52199"/>
    <display value="Latin American nec"/>
  </concept>
  <concept>
    <code value="53100"/>
    <display value="African nfd"/>
  </concept>
  <concept>
    <code value="53113"/>
    <display value="Jamaican"/>
  </concept>
  <concept>
    <code value="53114"/>
    <display value="Kenyan"/>
  </concept>
  <concept>
    <code value="53115"/>
    <display value="Nigerian"/>
  </concept>
  <concept>
    <code value="53116"/>
    <display value="African American"/>
  </concept>
  <concept>
    <code value="53118"/>
    <display value="Caribbean"/>
  </concept>
  <concept>
    <code value="53119"/>
    <display value="Somali"/>
  </concept>
  <concept>
    <code value="53120"/>
    <display value="Eritrean"/>
  </concept>
  <concept>
    <code value="53121"/>
    <display value="Ethiopian"/>
  </concept>
  <concept>
    <code value="53122"/>
    <display value="Ghanaian"/>
  </concept>
  <concept>
    <code value="53123"/>
    <display value="Burundian"/>
  </concept>
  <concept>
    <code value="53124"/>
    <display value="Congolese"/>
  </concept>
  <concept>
    <code value="53125"/>
    <display value="Sudanese"/>
  </concept>
  <concept>
    <code value="53126"/>
    <display value="Zambian"/>
  </concept>
  <concept>
    <code value="53127"/>
    <display value="Other Zimbabwean"/>
  </concept>
  <concept>
    <code value="53199"/>
    <display value="African nec"/>
  </concept>
  <concept>
    <code value="61113"/>
    <display value="Indigehous American"/>
  </concept>
  <concept>
    <code value="61115"/>
    <display value="Mauritian"/>
  </concept>
  <concept>
    <code value="61116"/>
    <display value="Seychellois"/>
  </concept>
  <concept>
    <code value="61117"/>
    <display value="Other South African"/>
  </concept>
  <concept>
    <code value="61118"/>
    <display value="New Zealander"/>
  </concept>
  <concept>
    <code value="61199"/>
    <display value="Other Ethnicity nec"/>
  </concept>
  <concept>
    <code value="94444"/>
    <display value="Don't Know"/>
  </concept>
  <concept>
    <code value="95555"/>
    <display value="Refused to Answer"/>
  </concept>
  <concept>
    <code value="96666"/>
    <display value="Repeated Value"/>
  </concept>
  <concept>
    <code value="97777"/>
    <display value="Response Unidentifiable"/>
  </concept>
  <concept>
    <code value="98888"/>
    <display value="Response Outside Scope"/>
  </concept>
  <concept>
    <code value="99999"/>
    <display value="Not Stated"/>
  </concept>
</CodeSystem>