<?xml version="1.0" encoding="UTF-8"?>

<Practitioner xmlns="http://hl7.org/fhir">
  <id value="practitioner-educational-qualification"/>
  <text>
    <status value="generated"/><div xmlns="http://www.w3.org/1999/xhtml"><p><b>Generated Narrative: Practitioner</b><a name="practitioner-educational-qualification"> </a></p><div style="display: inline-block; background-color: #d9e0e7; padding: 6px; margin: 4px; border: 1px solid #8da1b4; border-radius: 5px; line-height: 60%"><p style="margin-bottom: 0px">Resource Practitioner &quot;practitioner-educational-qualification&quot; </p></div><p><b>name</b>: John Doe</p><p><b>gender</b>: male</p><p><b>birthDate</b>: 1998-01-01</p><h3>Qualifications</h3><table class="grid"><tr><td>-</td><td><b>Extension</b></td><td><b>Code</b></td></tr><tr><td>*</td><td/><td>Bachelor of Science <span style="background: LightGoldenRodYellow; margin: 4px; border: 1px solid khaki"> (<a href="http://terminology.hl7.org/5.0.0/CodeSystem-v2-0360.html">degreeLicenseCertificate</a>#BS)</span></td></tr></table></div>
  </text>
  <name>
    <text value="John Doe"/>
    <family value="Doe"/>
    <given value="John"/>
  </name>
  <gender value="male"/>
  <birthDate value="1998-01-01"/>
  <qualification>
    <extension url="http://hl7.org.nz/fhir/StructureDefinition/educational-qualification">
      <extension url="fullname">
        <valueString value="Fellow of the Royal Australian and New Zealand College of Psychiatrists qualification"/>
      </extension>
      <extension url="shortname">
        <valueString value="Psychiatrist fellow"/>
      </extension>
      <extension url="year">
        <valueDate value="1995"/>
      </extension>
      <extension url="institution">
        <valueString value="Royal Australian and New Zealand College of Psychiatrists"/>
      </extension>
      <extension url="city">
        <valueString value="Wellington"/>
      </extension>
      <extension url="country">
        <valueString value="NZ"/>
      </extension>
    </extension>
    <code>
      <coding>
        <system value="http://terminology.hl7.org/CodeSystem/v2-0360"/>
        <code value="BS"/>
      </coding>
    </code>
  </qualification>
</Practitioner>