<?xml version="1.0" encoding="UTF-8"?>

<ValueSet xmlns="http://hl7.org/fhir">
  <id value="iwi"/>
  <text>
    <status value="generated"/><div xmlns="http://www.w3.org/1999/xhtml"><ul><li>Include all codes defined in <a href="CodeSystem-iwi-code.html"><code>https://standards.digital.health.nz/ns/iwi-code</code></a></li></ul></div>
  </text>
  <url value="https://nzhts.digital.health.nz/fhir/ValueSet/iwi-code"/>
  <version value="2.0.0"/>
  <name value="Iwi"/>
  <title value="Iwi"/>
  <status value="active"/>
  <date value="2023-02-02T00:37:31+00:00"/>
  <publisher value="HL7 New Zealand"/>
  <contact>
    <name value="HL7 New Zealand"/>
    <telecom>
      <system value="email"/>
      <value value="mailto:admin@hl7.org.nz"/>
    </telecom>
  </contact>
  <description value="New Zealand iwi codes.  The 2 digit codes are abstract codes and provided in the expansion for navigational purposes. A user should not select an abstract code directly as a proper value."/>
  <compose>
    <include>
      <system value="https://standards.digital.health.nz/ns/iwi-code"/>
    </include>
  </compose>
</ValueSet>