{"resourceType":"CodeSystem","id":"ethnicityL4","text":{"status":"generated","div":"<div xmlns=\"http://www.w3.org/1999/xhtml\"><p>This code system <code>https://standards.digital.health.nz/ns/ethnic-group-level-4-code</code> defines the following codes:</p><table class=\"codes\"><tr><td style=\"white-space:nowrap\"><b>Code</b></td><td><b>Display</b></td></tr><tr><td style=\"white-space:nowrap\">10000<a name=\"ethnicityL4-10000\"> </a></td><td>European nfd</td></tr><tr><td style=\"white-space:nowrap\">11111<a name=\"ethnicityL4-11111\"> </a></td><td>New Zealand European</td></tr><tr><td style=\"white-space:nowrap\">12100<a name=\"ethnicityL4-12100\"> </a></td><td>British nfd</td></tr><tr><td style=\"white-space:nowrap\">12111<a name=\"ethnicityL4-12111\"> </a></td><td>Celtic nfd</td></tr><tr><td style=\"white-space:nowrap\">12112<a name=\"ethnicityL4-12112\"> </a></td><td>Channel Islander</td></tr><tr><td style=\"white-space:nowrap\">12113<a name=\"ethnicityL4-12113\"> </a></td><td>Cornish</td></tr><tr><td style=\"white-space:nowrap\">12114<a name=\"ethnicityL4-12114\"> </a></td><td>English</td></tr><tr><td style=\"white-space:nowrap\">12116<a name=\"ethnicityL4-12116\"> </a></td><td>Irish</td></tr><tr><td style=\"white-space:nowrap\">12117<a name=\"ethnicityL4-12117\"> </a></td><td>Manx</td></tr><tr><td style=\"white-space:nowrap\">12119<a name=\"ethnicityL4-12119\"> </a></td><td>Scottish</td></tr><tr><td style=\"white-space:nowrap\">12121<a name=\"ethnicityL4-12121\"> </a></td><td>Welsh</td></tr><tr><td style=\"white-space:nowrap\">12199<a name=\"ethnicityL4-12199\"> </a></td><td>British nec</td></tr><tr><td style=\"white-space:nowrap\">12211<a name=\"ethnicityL4-12211\"> </a></td><td>Dutch</td></tr><tr><td style=\"white-space:nowrap\">12311<a name=\"ethnicityL4-12311\"> </a></td><td>Greek</td></tr><tr><td style=\"white-space:nowrap\">12411<a name=\"ethnicityL4-12411\"> </a></td><td>Polish</td></tr><tr><td style=\"white-space:nowrap\">12500<a name=\"ethnicityL4-12500\"> </a></td><td>South Slav nfd</td></tr><tr><td style=\"white-space:nowrap\">12511<a name=\"ethnicityL4-12511\"> </a></td><td>Croatian</td></tr><tr><td style=\"white-space:nowrap\">12512<a name=\"ethnicityL4-12512\"> </a></td><td>Dalmatian</td></tr><tr><td style=\"white-space:nowrap\">12513<a name=\"ethnicityL4-12513\"> </a></td><td>Macedonian</td></tr><tr><td style=\"white-space:nowrap\">12514<a name=\"ethnicityL4-12514\"> </a></td><td>Serbian</td></tr><tr><td style=\"white-space:nowrap\">12515<a name=\"ethnicityL4-12515\"> </a></td><td>Slovenian</td></tr><tr><td style=\"white-space:nowrap\">12516<a name=\"ethnicityL4-12516\"> </a></td><td>Bosnian</td></tr><tr><td style=\"white-space:nowrap\">12599<a name=\"ethnicityL4-12599\"> </a></td><td>South Slav nec</td></tr><tr><td style=\"white-space:nowrap\">12611<a name=\"ethnicityL4-12611\"> </a></td><td>Italian</td></tr><tr><td style=\"white-space:nowrap\">12711<a name=\"ethnicityL4-12711\"> </a></td><td>German</td></tr><tr><td style=\"white-space:nowrap\">12811<a name=\"ethnicityL4-12811\"> </a></td><td>Australian</td></tr><tr><td style=\"white-space:nowrap\">12911<a name=\"ethnicityL4-12911\"> </a></td><td>Albanian</td></tr><tr><td style=\"white-space:nowrap\">12912<a name=\"ethnicityL4-12912\"> </a></td><td>Armenian</td></tr><tr><td style=\"white-space:nowrap\">12913<a name=\"ethnicityL4-12913\"> </a></td><td>Austrian</td></tr><tr><td style=\"white-space:nowrap\">12914<a name=\"ethnicityL4-12914\"> </a></td><td>Belgian</td></tr><tr><td style=\"white-space:nowrap\">12915<a name=\"ethnicityL4-12915\"> </a></td><td>Bulgarian</td></tr><tr><td style=\"white-space:nowrap\">12916<a name=\"ethnicityL4-12916\"> </a></td><td>Belorussian</td></tr><tr><td style=\"white-space:nowrap\">12918<a name=\"ethnicityL4-12918\"> </a></td><td>Cypriot nfd</td></tr><tr><td style=\"white-space:nowrap\">12919<a name=\"ethnicityL4-12919\"> </a></td><td>Czech</td></tr><tr><td style=\"white-space:nowrap\">12920<a name=\"ethnicityL4-12920\"> </a></td><td>Danish</td></tr><tr><td style=\"white-space:nowrap\">12921<a name=\"ethnicityL4-12921\"> </a></td><td>Estonian</td></tr><tr><td style=\"white-space:nowrap\">12922<a name=\"ethnicityL4-12922\"> </a></td><td>Finnish</td></tr><tr><td style=\"white-space:nowrap\">12923<a name=\"ethnicityL4-12923\"> </a></td><td>Flemish</td></tr><tr><td style=\"white-space:nowrap\">12924<a name=\"ethnicityL4-12924\"> </a></td><td>French</td></tr><tr><td style=\"white-space:nowrap\">12926<a name=\"ethnicityL4-12926\"> </a></td><td>Hungarian</td></tr><tr><td style=\"white-space:nowrap\">12927<a name=\"ethnicityL4-12927\"> </a></td><td>Icelandic</td></tr><tr><td style=\"white-space:nowrap\">12928<a name=\"ethnicityL4-12928\"> </a></td><td>Latvian</td></tr><tr><td style=\"white-space:nowrap\">12929<a name=\"ethnicityL4-12929\"> </a></td><td>Lithuanian</td></tr><tr><td style=\"white-space:nowrap\">12930<a name=\"ethnicityL4-12930\"> </a></td><td>Maltese</td></tr><tr><td style=\"white-space:nowrap\">12931<a name=\"ethnicityL4-12931\"> </a></td><td>Norwegian</td></tr><tr><td style=\"white-space:nowrap\">12932<a name=\"ethnicityL4-12932\"> </a></td><td>Portuguese</td></tr><tr><td style=\"white-space:nowrap\">12933<a name=\"ethnicityL4-12933\"> </a></td><td>Romanian</td></tr><tr><td style=\"white-space:nowrap\">12934<a name=\"ethnicityL4-12934\"> </a></td><td>Romani</td></tr><tr><td style=\"white-space:nowrap\">12935<a name=\"ethnicityL4-12935\"> </a></td><td>Russian</td></tr><tr><td style=\"white-space:nowrap\">12937<a name=\"ethnicityL4-12937\"> </a></td><td>Slavic</td></tr><tr><td style=\"white-space:nowrap\">12938<a name=\"ethnicityL4-12938\"> </a></td><td>Slovak</td></tr><tr><td style=\"white-space:nowrap\">12939<a name=\"ethnicityL4-12939\"> </a></td><td>Spanish</td></tr><tr><td style=\"white-space:nowrap\">12940<a name=\"ethnicityL4-12940\"> </a></td><td>Swedish</td></tr><tr><td style=\"white-space:nowrap\">12941<a name=\"ethnicityL4-12941\"> </a></td><td>Swiss</td></tr><tr><td style=\"white-space:nowrap\">12942<a name=\"ethnicityL4-12942\"> </a></td><td>Ukrainian</td></tr><tr><td style=\"white-space:nowrap\">12943<a name=\"ethnicityL4-12943\"> </a></td><td>American</td></tr><tr><td style=\"white-space:nowrap\">12945<a name=\"ethnicityL4-12945\"> </a></td><td>Canadian</td></tr><tr><td style=\"white-space:nowrap\">12947<a name=\"ethnicityL4-12947\"> </a></td><td>New Caledonian</td></tr><tr><td style=\"white-space:nowrap\">12948<a name=\"ethnicityL4-12948\"> </a></td><td>South African European</td></tr><tr><td style=\"white-space:nowrap\">12949<a name=\"ethnicityL4-12949\"> </a></td><td>Afrikaner</td></tr><tr><td style=\"white-space:nowrap\">12950<a name=\"ethnicityL4-12950\"> </a></td><td>Zimbabwean European</td></tr><tr><td style=\"white-space:nowrap\">12999<a name=\"ethnicityL4-12999\"> </a></td><td>European nec</td></tr><tr><td style=\"white-space:nowrap\">21111<a name=\"ethnicityL4-21111\"> </a></td><td>Māori</td></tr><tr><td style=\"white-space:nowrap\">30000<a name=\"ethnicityL4-30000\"> </a></td><td>Pacific Peoples nfd</td></tr><tr><td style=\"white-space:nowrap\">31111<a name=\"ethnicityL4-31111\"> </a></td><td>Samoan</td></tr><tr><td style=\"white-space:nowrap\">32100<a name=\"ethnicityL4-32100\"> </a></td><td>Cook Islands Maori</td></tr><tr><td style=\"white-space:nowrap\">33111<a name=\"ethnicityL4-33111\"> </a></td><td>Tongan</td></tr><tr><td style=\"white-space:nowrap\">34111<a name=\"ethnicityL4-34111\"> </a></td><td>Niuean</td></tr><tr><td style=\"white-space:nowrap\">35111<a name=\"ethnicityL4-35111\"> </a></td><td>Tokelauan</td></tr><tr><td style=\"white-space:nowrap\">36111<a name=\"ethnicityL4-36111\"> </a></td><td>Fijian</td></tr><tr><td style=\"white-space:nowrap\">37112<a name=\"ethnicityL4-37112\"> </a></td><td>Indigenous Australian</td></tr><tr><td style=\"white-space:nowrap\">37122<a name=\"ethnicityL4-37122\"> </a></td><td>Hawaiian</td></tr><tr><td style=\"white-space:nowrap\">37124<a name=\"ethnicityL4-37124\"> </a></td><td>Kiribati</td></tr><tr><td style=\"white-space:nowrap\">37130<a name=\"ethnicityL4-37130\"> </a></td><td>Nauruan</td></tr><tr><td style=\"white-space:nowrap\">37135<a name=\"ethnicityL4-37135\"> </a></td><td>Papua New Guinean</td></tr><tr><td style=\"white-space:nowrap\">37137<a name=\"ethnicityL4-37137\"> </a></td><td>Pitcairn Islander</td></tr><tr><td style=\"white-space:nowrap\">37138<a name=\"ethnicityL4-37138\"> </a></td><td>Rotuman</td></tr><tr><td style=\"white-space:nowrap\">37140<a name=\"ethnicityL4-37140\"> </a></td><td>Tahitian</td></tr><tr><td style=\"white-space:nowrap\">37141<a name=\"ethnicityL4-37141\"> </a></td><td>Solomon Islander</td></tr><tr><td style=\"white-space:nowrap\">37144<a name=\"ethnicityL4-37144\"> </a></td><td>Tuvaluan</td></tr><tr><td style=\"white-space:nowrap\">37145<a name=\"ethnicityL4-37145\"> </a></td><td>Ni Vanuatu</td></tr><tr><td style=\"white-space:nowrap\">37199<a name=\"ethnicityL4-37199\"> </a></td><td>Pacific Peoples nec</td></tr><tr><td style=\"white-space:nowrap\">40000<a name=\"ethnicityL4-40000\"> </a></td><td>Asian nfd</td></tr><tr><td style=\"white-space:nowrap\">41000<a name=\"ethnicityL4-41000\"> </a></td><td>Southeast Asian nfd</td></tr><tr><td style=\"white-space:nowrap\">41111<a name=\"ethnicityL4-41111\"> </a></td><td>Filipino</td></tr><tr><td style=\"white-space:nowrap\">41211<a name=\"ethnicityL4-41211\"> </a></td><td>Cambodian</td></tr><tr><td style=\"white-space:nowrap\">41311<a name=\"ethnicityL4-41311\"> </a></td><td>Vietnamese</td></tr><tr><td style=\"white-space:nowrap\">41411<a name=\"ethnicityL4-41411\"> </a></td><td>Burmese</td></tr><tr><td style=\"white-space:nowrap\">41412<a name=\"ethnicityL4-41412\"> </a></td><td>Indonesian</td></tr><tr><td style=\"white-space:nowrap\">41413<a name=\"ethnicityL4-41413\"> </a></td><td>Lao</td></tr><tr><td style=\"white-space:nowrap\">41414<a name=\"ethnicityL4-41414\"> </a></td><td>Malay</td></tr><tr><td style=\"white-space:nowrap\">41415<a name=\"ethnicityL4-41415\"> </a></td><td>Thai</td></tr><tr><td style=\"white-space:nowrap\">41416<a name=\"ethnicityL4-41416\"> </a></td><td>Karen</td></tr><tr><td style=\"white-space:nowrap\">41417<a name=\"ethnicityL4-41417\"> </a></td><td>Chin</td></tr><tr><td style=\"white-space:nowrap\">41499<a name=\"ethnicityL4-41499\"> </a></td><td>Southeast Asian nec</td></tr><tr><td style=\"white-space:nowrap\">42100<a name=\"ethnicityL4-42100\"> </a></td><td>Chinese nfd</td></tr><tr><td style=\"white-space:nowrap\">42111<a name=\"ethnicityL4-42111\"> </a></td><td>Hong Kong Chinese</td></tr><tr><td style=\"white-space:nowrap\">42112<a name=\"ethnicityL4-42112\"> </a></td><td>Cambodian Chinese</td></tr><tr><td style=\"white-space:nowrap\">42113<a name=\"ethnicityL4-42113\"> </a></td><td>Malaysian Chinese</td></tr><tr><td style=\"white-space:nowrap\">42114<a name=\"ethnicityL4-42114\"> </a></td><td>Singaporean Chinese</td></tr><tr><td style=\"white-space:nowrap\">42115<a name=\"ethnicityL4-42115\"> </a></td><td>Vietnamese Chinese</td></tr><tr><td style=\"white-space:nowrap\">42116<a name=\"ethnicityL4-42116\"> </a></td><td>Taiwanese</td></tr><tr><td style=\"white-space:nowrap\">42199<a name=\"ethnicityL4-42199\"> </a></td><td>Chinese nec</td></tr><tr><td style=\"white-space:nowrap\">43100<a name=\"ethnicityL4-43100\"> </a></td><td>Indian nfd</td></tr><tr><td style=\"white-space:nowrap\">43111<a name=\"ethnicityL4-43111\"> </a></td><td>Bengali</td></tr><tr><td style=\"white-space:nowrap\">43112<a name=\"ethnicityL4-43112\"> </a></td><td>Fijian Indian</td></tr><tr><td style=\"white-space:nowrap\">43114<a name=\"ethnicityL4-43114\"> </a></td><td>Indian Tamil</td></tr><tr><td style=\"white-space:nowrap\">43115<a name=\"ethnicityL4-43115\"> </a></td><td>Punjabi</td></tr><tr><td style=\"white-space:nowrap\">43116<a name=\"ethnicityL4-43116\"> </a></td><td>Sikh</td></tr><tr><td style=\"white-space:nowrap\">43117<a name=\"ethnicityL4-43117\"> </a></td><td>Anglo Indian</td></tr><tr><td style=\"white-space:nowrap\">43118<a name=\"ethnicityL4-43118\"> </a></td><td>Malaysian Indian</td></tr><tr><td style=\"white-space:nowrap\">43119<a name=\"ethnicityL4-43119\"> </a></td><td>South African Indian</td></tr><tr><td style=\"white-space:nowrap\">43199<a name=\"ethnicityL4-43199\"> </a></td><td>Indian nec</td></tr><tr><td style=\"white-space:nowrap\">44100<a name=\"ethnicityL4-44100\"> </a></td><td>Sri Lankan nfd</td></tr><tr><td style=\"white-space:nowrap\">44111<a name=\"ethnicityL4-44111\"> </a></td><td>Sinhalese</td></tr><tr><td style=\"white-space:nowrap\">44112<a name=\"ethnicityL4-44112\"> </a></td><td>Sri Lankan Tamil</td></tr><tr><td style=\"white-space:nowrap\">44199<a name=\"ethnicityL4-44199\"> </a></td><td>Sri Lankan nec</td></tr><tr><td style=\"white-space:nowrap\">44211<a name=\"ethnicityL4-44211\"> </a></td><td>Japanese</td></tr><tr><td style=\"white-space:nowrap\">44311<a name=\"ethnicityL4-44311\"> </a></td><td>Korean</td></tr><tr><td style=\"white-space:nowrap\">44411<a name=\"ethnicityL4-44411\"> </a></td><td>Afghan</td></tr><tr><td style=\"white-space:nowrap\">44412<a name=\"ethnicityL4-44412\"> </a></td><td>Bangladeshi</td></tr><tr><td style=\"white-space:nowrap\">44413<a name=\"ethnicityL4-44413\"> </a></td><td>Nepali</td></tr><tr><td style=\"white-space:nowrap\">44414<a name=\"ethnicityL4-44414\"> </a></td><td>Pakistani</td></tr><tr><td style=\"white-space:nowrap\">44415<a name=\"ethnicityL4-44415\"> </a></td><td>Tibetan</td></tr><tr><td style=\"white-space:nowrap\">44416<a name=\"ethnicityL4-44416\"> </a></td><td>Eurasian</td></tr><tr><td style=\"white-space:nowrap\">44417<a name=\"ethnicityL4-44417\"> </a></td><td>Bhutanese</td></tr><tr><td style=\"white-space:nowrap\">44418<a name=\"ethnicityL4-44418\"> </a></td><td>Maldivian</td></tr><tr><td style=\"white-space:nowrap\">44419<a name=\"ethnicityL4-44419\"> </a></td><td>Mongolian</td></tr><tr><td style=\"white-space:nowrap\">44499<a name=\"ethnicityL4-44499\"> </a></td><td>Asian nec</td></tr><tr><td style=\"white-space:nowrap\">51100<a name=\"ethnicityL4-51100\"> </a></td><td>Middle Eastern nfd</td></tr><tr><td style=\"white-space:nowrap\">51111<a name=\"ethnicityL4-51111\"> </a></td><td>Algerian</td></tr><tr><td style=\"white-space:nowrap\">51112<a name=\"ethnicityL4-51112\"> </a></td><td>Arab</td></tr><tr><td style=\"white-space:nowrap\">51113<a name=\"ethnicityL4-51113\"> </a></td><td>Assyrian</td></tr><tr><td style=\"white-space:nowrap\">51114<a name=\"ethnicityL4-51114\"> </a></td><td>Egyptian</td></tr><tr><td style=\"white-space:nowrap\">51115<a name=\"ethnicityL4-51115\"> </a></td><td>Iranian/Persian</td></tr><tr><td style=\"white-space:nowrap\">51116<a name=\"ethnicityL4-51116\"> </a></td><td>Iraqi</td></tr><tr><td style=\"white-space:nowrap\">51117<a name=\"ethnicityL4-51117\"> </a></td><td>Israeli/Jewish</td></tr><tr><td style=\"white-space:nowrap\">51118<a name=\"ethnicityL4-51118\"> </a></td><td>Jordanian</td></tr><tr><td style=\"white-space:nowrap\">51119<a name=\"ethnicityL4-51119\"> </a></td><td>Kurd</td></tr><tr><td style=\"white-space:nowrap\">51120<a name=\"ethnicityL4-51120\"> </a></td><td>Lebanese</td></tr><tr><td style=\"white-space:nowrap\">51122<a name=\"ethnicityL4-51122\"> </a></td><td>Moroccan</td></tr><tr><td style=\"white-space:nowrap\">51124<a name=\"ethnicityL4-51124\"> </a></td><td>Palestinian</td></tr><tr><td style=\"white-space:nowrap\">51125<a name=\"ethnicityL4-51125\"> </a></td><td>Syrian</td></tr><tr><td style=\"white-space:nowrap\">51127<a name=\"ethnicityL4-51127\"> </a></td><td>Turkish</td></tr><tr><td style=\"white-space:nowrap\">51199<a name=\"ethnicityL4-51199\"> </a></td><td>Middle Eastern nec</td></tr><tr><td style=\"white-space:nowrap\">52100<a name=\"ethnicityL4-52100\"> </a></td><td>Latin American nfd</td></tr><tr><td style=\"white-space:nowrap\">52111<a name=\"ethnicityL4-52111\"> </a></td><td>Argentinian</td></tr><tr><td style=\"white-space:nowrap\">52112<a name=\"ethnicityL4-52112\"> </a></td><td>Bolivian</td></tr><tr><td style=\"white-space:nowrap\">52113<a name=\"ethnicityL4-52113\"> </a></td><td>Brazilian</td></tr><tr><td style=\"white-space:nowrap\">52114<a name=\"ethnicityL4-52114\"> </a></td><td>Chilean</td></tr><tr><td style=\"white-space:nowrap\">52115<a name=\"ethnicityL4-52115\"> </a></td><td>Colombian</td></tr><tr><td style=\"white-space:nowrap\">52118<a name=\"ethnicityL4-52118\"> </a></td><td>Ecuadorian</td></tr><tr><td style=\"white-space:nowrap\">52123<a name=\"ethnicityL4-52123\"> </a></td><td>Mexican</td></tr><tr><td style=\"white-space:nowrap\">52127<a name=\"ethnicityL4-52127\"> </a></td><td>Peruvian</td></tr><tr><td style=\"white-space:nowrap\">52128<a name=\"ethnicityL4-52128\"> </a></td><td>Puerto Rican</td></tr><tr><td style=\"white-space:nowrap\">52129<a name=\"ethnicityL4-52129\"> </a></td><td>Uruguayan</td></tr><tr><td style=\"white-space:nowrap\">52130<a name=\"ethnicityL4-52130\"> </a></td><td>Venezuelan</td></tr><tr><td style=\"white-space:nowrap\">52199<a name=\"ethnicityL4-52199\"> </a></td><td>Latin American nec</td></tr><tr><td style=\"white-space:nowrap\">53100<a name=\"ethnicityL4-53100\"> </a></td><td>African nfd</td></tr><tr><td style=\"white-space:nowrap\">53113<a name=\"ethnicityL4-53113\"> </a></td><td>Jamaican</td></tr><tr><td style=\"white-space:nowrap\">53114<a name=\"ethnicityL4-53114\"> </a></td><td>Kenyan</td></tr><tr><td style=\"white-space:nowrap\">53115<a name=\"ethnicityL4-53115\"> </a></td><td>Nigerian</td></tr><tr><td style=\"white-space:nowrap\">53116<a name=\"ethnicityL4-53116\"> </a></td><td>African American</td></tr><tr><td style=\"white-space:nowrap\">53118<a name=\"ethnicityL4-53118\"> </a></td><td>Caribbean</td></tr><tr><td style=\"white-space:nowrap\">53119<a name=\"ethnicityL4-53119\"> </a></td><td>Somali</td></tr><tr><td style=\"white-space:nowrap\">53120<a name=\"ethnicityL4-53120\"> </a></td><td>Eritrean</td></tr><tr><td style=\"white-space:nowrap\">53121<a name=\"ethnicityL4-53121\"> </a></td><td>Ethiopian</td></tr><tr><td style=\"white-space:nowrap\">53122<a name=\"ethnicityL4-53122\"> </a></td><td>Ghanaian</td></tr><tr><td style=\"white-space:nowrap\">53123<a name=\"ethnicityL4-53123\"> </a></td><td>Burundian</td></tr><tr><td style=\"white-space:nowrap\">53124<a name=\"ethnicityL4-53124\"> </a></td><td>Congolese</td></tr><tr><td style=\"white-space:nowrap\">53125<a name=\"ethnicityL4-53125\"> </a></td><td>Sudanese</td></tr><tr><td style=\"white-space:nowrap\">53126<a name=\"ethnicityL4-53126\"> </a></td><td>Zambian</td></tr><tr><td style=\"white-space:nowrap\">53127<a name=\"ethnicityL4-53127\"> </a></td><td>Other Zimbabwean</td></tr><tr><td style=\"white-space:nowrap\">53199<a name=\"ethnicityL4-53199\"> </a></td><td>African nec</td></tr><tr><td style=\"white-space:nowrap\">61113<a name=\"ethnicityL4-61113\"> </a></td><td>Indigehous American</td></tr><tr><td style=\"white-space:nowrap\">61115<a name=\"ethnicityL4-61115\"> </a></td><td>Mauritian</td></tr><tr><td style=\"white-space:nowrap\">61116<a name=\"ethnicityL4-61116\"> </a></td><td>Seychellois</td></tr><tr><td style=\"white-space:nowrap\">61117<a name=\"ethnicityL4-61117\"> </a></td><td>Other South African</td></tr><tr><td style=\"white-space:nowrap\">61118<a name=\"ethnicityL4-61118\"> </a></td><td>New Zealander</td></tr><tr><td style=\"white-space:nowrap\">61199<a name=\"ethnicityL4-61199\"> </a></td><td>Other Ethnicity nec</td></tr><tr><td style=\"white-space:nowrap\">94444<a name=\"ethnicityL4-94444\"> </a></td><td>Don't Know</td></tr><tr><td style=\"white-space:nowrap\">95555<a name=\"ethnicityL4-95555\"> </a></td><td>Refused to Answer</td></tr><tr><td style=\"white-space:nowrap\">96666<a name=\"ethnicityL4-96666\"> </a></td><td>Repeated Value</td></tr><tr><td style=\"white-space:nowrap\">97777<a name=\"ethnicityL4-97777\"> </a></td><td>Response Unidentifiable</td></tr><tr><td style=\"white-space:nowrap\">98888<a name=\"ethnicityL4-98888\"> </a></td><td>Response Outside Scope</td></tr><tr><td style=\"white-space:nowrap\">99999<a name=\"ethnicityL4-99999\"> </a></td><td>Not Stated</td></tr></table></div>"},"url":"https://standards.digital.health.nz/ns/ethnic-group-level-4-code","version":"2.1.0","name":"EthnicityL4","title":"Level 4 ethnicity codes","status":"active","date":"2023-02-02T00:37:31+00:00","publisher":"HL7 New Zealand","contact":[{"name":"HL7 New Zealand","telecom":[{"system":"email","value":"mailto:admin@hl7.org.nz"}]}],"description":"Codes to record a person’s ethnicity, drawn from Level 4 of the Ethnicity code system \ndescribed [here](http://aria.stats.govt.nz/aria/#ClassificationView:uri=http://stats.govt.nz/cms/ClassificationVersion/YVqOcFHSlguKkT17)","caseSensitive":true,"content":"complete","count":186,"concept":[{"code":"10000","display":"European nfd"},{"code":"11111","display":"New Zealand European"},{"code":"12100","display":"British nfd"},{"code":"12111","display":"Celtic nfd"},{"code":"12112","display":"Channel Islander"},{"code":"12113","display":"Cornish"},{"code":"12114","display":"English"},{"code":"12116","display":"Irish"},{"code":"12117","display":"Manx"},{"code":"12119","display":"Scottish"},{"code":"12121","display":"Welsh"},{"code":"12199","display":"British nec"},{"code":"12211","display":"Dutch"},{"code":"12311","display":"Greek"},{"code":"12411","display":"Polish"},{"code":"12500","display":"South Slav nfd"},{"code":"12511","display":"Croatian"},{"code":"12512","display":"Dalmatian"},{"code":"12513","display":"Macedonian"},{"code":"12514","display":"Serbian"},{"code":"12515","display":"Slovenian"},{"code":"12516","display":"Bosnian"},{"code":"12599","display":"South Slav nec"},{"code":"12611","display":"Italian"},{"code":"12711","display":"German"},{"code":"12811","display":"Australian"},{"code":"12911","display":"Albanian"},{"code":"12912","display":"Armenian"},{"code":"12913","display":"Austrian"},{"code":"12914","display":"Belgian"},{"code":"12915","display":"Bulgarian"},{"code":"12916","display":"Belorussian"},{"code":"12918","display":"Cypriot nfd"},{"code":"12919","display":"Czech"},{"code":"12920","display":"Danish"},{"code":"12921","display":"Estonian"},{"code":"12922","display":"Finnish"},{"code":"12923","display":"Flemish"},{"code":"12924","display":"French"},{"code":"12926","display":"Hungarian"},{"code":"12927","display":"Icelandic"},{"code":"12928","display":"Latvian"},{"code":"12929","display":"Lithuanian"},{"code":"12930","display":"Maltese"},{"code":"12931","display":"Norwegian"},{"code":"12932","display":"Portuguese"},{"code":"12933","display":"Romanian"},{"code":"12934","display":"Romani"},{"code":"12935","display":"Russian"},{"code":"12937","display":"Slavic"},{"code":"12938","display":"Slovak"},{"code":"12939","display":"Spanish"},{"code":"12940","display":"Swedish"},{"code":"12941","display":"Swiss"},{"code":"12942","display":"Ukrainian"},{"code":"12943","display":"American"},{"code":"12945","display":"Canadian"},{"code":"12947","display":"New Caledonian"},{"code":"12948","display":"South African European"},{"code":"12949","display":"Afrikaner"},{"code":"12950","display":"Zimbabwean European"},{"code":"12999","display":"European nec"},{"code":"21111","display":"Māori"},{"code":"30000","display":"Pacific Peoples nfd"},{"code":"31111","display":"Samoan"},{"code":"32100","display":"Cook Islands Maori"},{"code":"33111","display":"Tongan"},{"code":"34111","display":"Niuean"},{"code":"35111","display":"Tokelauan"},{"code":"36111","display":"Fijian"},{"code":"37112","display":"Indigenous Australian"},{"code":"37122","display":"Hawaiian"},{"code":"37124","display":"Kiribati"},{"code":"37130","display":"Nauruan"},{"code":"37135","display":"Papua New Guinean"},{"code":"37137","display":"Pitcairn Islander"},{"code":"37138","display":"Rotuman"},{"code":"37140","display":"Tahitian"},{"code":"37141","display":"Solomon Islander"},{"code":"37144","display":"Tuvaluan"},{"code":"37145","display":"Ni Vanuatu"},{"code":"37199","display":"Pacific Peoples nec"},{"code":"40000","display":"Asian nfd"},{"code":"41000","display":"Southeast Asian nfd"},{"code":"41111","display":"Filipino"},{"code":"41211","display":"Cambodian"},{"code":"41311","display":"Vietnamese"},{"code":"41411","display":"Burmese"},{"code":"41412","display":"Indonesian"},{"code":"41413","display":"Lao"},{"code":"41414","display":"Malay"},{"code":"41415","display":"Thai"},{"code":"41416","display":"Karen"},{"code":"41417","display":"Chin"},{"code":"41499","display":"Southeast Asian nec"},{"code":"42100","display":"Chinese nfd"},{"code":"42111","display":"Hong Kong Chinese"},{"code":"42112","display":"Cambodian Chinese"},{"code":"42113","display":"Malaysian Chinese"},{"code":"42114","display":"Singaporean Chinese"},{"code":"42115","display":"Vietnamese Chinese"},{"code":"42116","display":"Taiwanese"},{"code":"42199","display":"Chinese nec"},{"code":"43100","display":"Indian nfd"},{"code":"43111","display":"Bengali"},{"code":"43112","display":"Fijian Indian"},{"code":"43114","display":"Indian Tamil"},{"code":"43115","display":"Punjabi"},{"code":"43116","display":"Sikh"},{"code":"43117","display":"Anglo Indian"},{"code":"43118","display":"Malaysian Indian"},{"code":"43119","display":"South African Indian"},{"code":"43199","display":"Indian nec"},{"code":"44100","display":"Sri Lankan nfd"},{"code":"44111","display":"Sinhalese"},{"code":"44112","display":"Sri Lankan Tamil"},{"code":"44199","display":"Sri Lankan nec"},{"code":"44211","display":"Japanese"},{"code":"44311","display":"Korean"},{"code":"44411","display":"Afghan"},{"code":"44412","display":"Bangladeshi"},{"code":"44413","display":"Nepali"},{"code":"44414","display":"Pakistani"},{"code":"44415","display":"Tibetan"},{"code":"44416","display":"Eurasian"},{"code":"44417","display":"Bhutanese"},{"code":"44418","display":"Maldivian"},{"code":"44419","display":"Mongolian"},{"code":"44499","display":"Asian nec"},{"code":"51100","display":"Middle Eastern nfd"},{"code":"51111","display":"Algerian"},{"code":"51112","display":"Arab"},{"code":"51113","display":"Assyrian"},{"code":"51114","display":"Egyptian"},{"code":"51115","display":"Iranian/Persian"},{"code":"51116","display":"Iraqi"},{"code":"51117","display":"Israeli/Jewish"},{"code":"51118","display":"Jordanian"},{"code":"51119","display":"Kurd"},{"code":"51120","display":"Lebanese"},{"code":"51122","display":"Moroccan"},{"code":"51124","display":"Palestinian"},{"code":"51125","display":"Syrian"},{"code":"51127","display":"Turkish"},{"code":"51199","display":"Middle Eastern nec"},{"code":"52100","display":"Latin American nfd"},{"code":"52111","display":"Argentinian"},{"code":"52112","display":"Bolivian"},{"code":"52113","display":"Brazilian"},{"code":"52114","display":"Chilean"},{"code":"52115","display":"Colombian"},{"code":"52118","display":"Ecuadorian"},{"code":"52123","display":"Mexican"},{"code":"52127","display":"Peruvian"},{"code":"52128","display":"Puerto Rican"},{"code":"52129","display":"Uruguayan"},{"code":"52130","display":"Venezuelan"},{"code":"52199","display":"Latin American nec"},{"code":"53100","display":"African nfd"},{"code":"53113","display":"Jamaican"},{"code":"53114","display":"Kenyan"},{"code":"53115","display":"Nigerian"},{"code":"53116","display":"African American"},{"code":"53118","display":"Caribbean"},{"code":"53119","display":"Somali"},{"code":"53120","display":"Eritrean"},{"code":"53121","display":"Ethiopian"},{"code":"53122","display":"Ghanaian"},{"code":"53123","display":"Burundian"},{"code":"53124","display":"Congolese"},{"code":"53125","display":"Sudanese"},{"code":"53126","display":"Zambian"},{"code":"53127","display":"Other Zimbabwean"},{"code":"53199","display":"African nec"},{"code":"61113","display":"Indigehous American"},{"code":"61115","display":"Mauritian"},{"code":"61116","display":"Seychellois"},{"code":"61117","display":"Other South African"},{"code":"61118","display":"New Zealander"},{"code":"61199","display":"Other Ethnicity nec"},{"code":"94444","display":"Don't Know"},{"code":"95555","display":"Refused to Answer"},{"code":"96666","display":"Repeated Value"},{"code":"97777","display":"Response Unidentifiable"},{"code":"98888","display":"Response Outside Scope"},{"code":"99999","display":"Not Stated"}]}