{"resourceType":"CodeSystem","id":"information-source","text":{"status":"generated","div":"<div xmlns=\"http://www.w3.org/1999/xhtml\"><p>This code system <code>https://standards.digital.health.nz/ns/information-source-code</code> defines the following codes:</p><table class=\"codes\"><tr><td style=\"white-space:nowrap\"><b>Code</b></td><td><b>Display</b></td><td><b>Definition</b></td></tr><tr><td style=\"white-space:nowrap\">BREG<a name=\"information-source-BREG\"> </a></td><td>Birth Register</td><td>This code is added only after verification via MOH/DIA birth register matching</td></tr><tr><td style=\"white-space:nowrap\">BRCT<a name=\"information-source-BRCT\"> </a></td><td>Birth Certificate</td><td>Birth Certificate</td></tr><tr><td style=\"white-space:nowrap\">NZCT<a name=\"information-source-NZCT\"> </a></td><td>NZ Citizenship Certificate</td><td>New Zealand Citizenship Certificate issued by DIA</td></tr><tr><td style=\"white-space:nowrap\">PPRT<a name=\"information-source-PPRT\"> </a></td><td>Passport</td><td>Passport</td></tr><tr><td style=\"white-space:nowrap\">NZCI<a name=\"information-source-NZCI\"> </a></td><td>NZ Certificate of Identity</td><td>Certificate of Identity issued by DIA</td></tr><tr><td style=\"white-space:nowrap\">NZRT<a name=\"information-source-NZRT\"> </a></td><td>NZ Refugee Travel Document</td><td>Refugee Travel document issued by DIA</td></tr><tr><td style=\"white-space:nowrap\">NZET<a name=\"information-source-NZET\"> </a></td><td>NZ Emergency Travel Document</td><td>Emergency Travel document issued by DIA</td></tr><tr><td style=\"white-space:nowrap\">OTHR<a name=\"information-source-OTHR\"> </a></td><td>Other</td><td>Other official document provided that is not found in the list provided</td></tr><tr><td style=\"white-space:nowrap\">NPRF<a name=\"information-source-NPRF\"> </a></td><td>Proof not Sighted</td><td>Information (not proof) provided by the patient / whānau verbally communicated. No proof sighted</td></tr><tr><td style=\"white-space:nowrap\">NZPV<a name=\"information-source-NZPV\"> </a></td><td>NZ Permanent Resident Visa</td><td>A New Zealand Permanent Resident Visa (not time bound) issued by Immigration New Zealand</td></tr><tr><td style=\"white-space:nowrap\">NZTV<a name=\"information-source-NZTV\"> </a></td><td>NZ Resident Visa</td><td>A New Zealand Resident Visa (time bound) issued by Immigration New Zealand</td></tr><tr><td style=\"white-space:nowrap\">NZMC<a name=\"information-source-NZMC\"> </a></td><td>NZ Marriage Certificate</td><td/></tr><tr><td style=\"white-space:nowrap\">NZCU<a name=\"information-source-NZCU\"> </a></td><td>NZ Civil Union Certificate</td><td/></tr><tr><td style=\"white-space:nowrap\">NZNC<a name=\"information-source-NZNC\"> </a></td><td>NZ Name Change Certificate or Deed Poll</td><td>NZ Name Change Certificate effective from 25 January 2009, Name Change by Statutary Declaration Documents issued for names changes made between September 1995 and 25 January 2009, Deed Poll for name changes prior to September 1995</td></tr><tr><td style=\"white-space:nowrap\">NZDL<a name=\"information-source-NZDL\"> </a></td><td>NZ Driver Licence</td><td/></tr><tr><td style=\"white-space:nowrap\">CSC<a name=\"information-source-CSC\"> </a></td><td>Community Services Card</td><td/></tr><tr><td style=\"white-space:nowrap\">HL7<a name=\"information-source-HL7\"> </a></td><td>HL7 applied</td><td>Data has been applied via HL7 message</td></tr><tr><td style=\"white-space:nowrap\">MIGR<a name=\"information-source-MIGR\"> </a></td><td>Migrated</td><td>From the legacy NHI System with no known external source</td></tr><tr><td style=\"white-space:nowrap\">DREG<a name=\"information-source-DREG\"> </a></td><td>Death Register</td><td>The code is added only after MOH/DIA data matching</td></tr><tr><td style=\"white-space:nowrap\">OSEA<a name=\"information-source-OSEA\"> </a></td><td>Death Overseas</td><td>Indicates a non-New Zealand registered death advised by a third party or discovered by a media search</td></tr><tr><td style=\"white-space:nowrap\">MCCOD<a name=\"information-source-MCCOD\"> </a></td><td>Medical Certificate Cause of Death</td><td>Date of Death from a Medical Certificate Cause of  Death. Forms HP4720, HP4721 or BDM 50</td></tr><tr><td style=\"white-space:nowrap\">CORONER<a name=\"information-source-CORONER\"> </a></td><td>Coroner Notification</td><td>Date of death notified to the Ministry by a Coronial Office</td></tr><tr><td style=\"white-space:nowrap\">OSEAOFF<a name=\"information-source-OSEAOFF\"> </a></td><td>Death Overseas Official</td><td>Indicates a non-New Zealand registered death advised by an official source from another country.</td></tr><tr><td style=\"white-space:nowrap\">DIA<a name=\"information-source-DIA\"> </a></td><td>DIA data share</td><td>The code is added only after DHB or MOH/DIA data matching</td></tr><tr><td style=\"white-space:nowrap\">INZ<a name=\"information-source-INZ\"> </a></td><td>ImmigrationNZ</td><td>The code is added only by the MoH or DHB from information provided by ImmigrationNZ data sharing</td></tr></table></div>"},"url":"https://standards.digital.health.nz/ns/information-source-code","version":"1.0.0","name":"InformationSource","title":"Information Source","status":"active","date":"2023-02-02T00:37:31+00:00","publisher":"HL7 New Zealand","contact":[{"name":"HL7 New Zealand","telecom":[{"system":"email","value":"mailto:admin@hl7.org.nz"}]}],"description":"All possible sources of information","caseSensitive":true,"content":"complete","count":25,"concept":[{"code":"BREG","display":"Birth Register","definition":"This code is added only after verification via MOH/DIA birth register matching"},{"code":"BRCT","display":"Birth Certificate","definition":"Birth Certificate"},{"code":"NZCT","display":"NZ Citizenship Certificate","definition":"New Zealand Citizenship Certificate issued by DIA"},{"code":"PPRT","display":"Passport","definition":"Passport"},{"code":"NZCI","display":"NZ Certificate of Identity","definition":"Certificate of Identity issued by DIA"},{"code":"NZRT","display":"NZ Refugee Travel Document","definition":"Refugee Travel document issued by DIA"},{"code":"NZET","display":"NZ Emergency Travel Document","definition":"Emergency Travel document issued by DIA"},{"code":"OTHR","display":"Other","definition":"Other official document provided that is not found in the list provided"},{"code":"NPRF","display":"Proof not Sighted","definition":"Information (not proof) provided by the patient / whānau verbally communicated. No proof sighted"},{"code":"NZPV","display":"NZ Permanent Resident Visa","definition":"A New Zealand Permanent Resident Visa (not time bound) issued by Immigration New Zealand"},{"code":"NZTV","display":"NZ Resident Visa","definition":"A New Zealand Resident Visa (time bound) issued by Immigration New Zealand"},{"code":"NZMC","display":"NZ Marriage Certificate"},{"code":"NZCU","display":"NZ Civil Union Certificate"},{"code":"NZNC","display":"NZ Name Change Certificate or Deed Poll","definition":"NZ Name Change Certificate effective from 25 January 2009, Name Change by Statutary Declaration Documents issued for names changes made between September 1995 and 25 January 2009, Deed Poll for name changes prior to September 1995"},{"code":"NZDL","display":"NZ Driver Licence"},{"code":"CSC","display":"Community Services Card"},{"code":"HL7","display":"HL7 applied","definition":"Data has been applied via HL7 message"},{"code":"MIGR","display":"Migrated","definition":"From the legacy NHI System with no known external source"},{"code":"DREG","display":"Death Register","definition":"The code is added only after MOH/DIA data matching"},{"code":"OSEA","display":"Death Overseas","definition":"Indicates a non-New Zealand registered death advised by a third party or discovered by a media search"},{"code":"MCCOD","display":"Medical Certificate Cause of Death","definition":"Date of Death from a Medical Certificate Cause of  Death. Forms HP4720, HP4721 or BDM 50"},{"code":"CORONER","display":"Coroner Notification","definition":"Date of death notified to the Ministry by a Coronial Office"},{"code":"OSEAOFF","display":"Death Overseas Official","definition":"Indicates a non-New Zealand registered death advised by an official source from another country."},{"code":"DIA","display":"DIA data share","definition":"The code is added only after DHB or MOH/DIA data matching"},{"code":"INZ","display":"ImmigrationNZ","definition":"The code is added only by the MoH or DHB from information provided by ImmigrationNZ data sharing"}]}