{"resourceType":"CodeSystem","id":"coverage-category","text":{"status":"generated","div":"<div xmlns=\"http://www.w3.org/1999/xhtml\"><p>This code system <code>https://standards.digital.health.nz/ns/coverage-category-code</code> defines the following codes:</p><table class=\"codes\"><tr><td style=\"white-space:nowrap\"><b>Code</b></td><td><b>Display</b></td></tr><tr><td style=\"white-space:nowrap\">under6<a name=\"coverage-category-under6\"> </a></td><td>A child under 6 years of age</td></tr></table></div>"},"url":"https://standards.digital.health.nz/ns/coverage-category-code","version":"1.0.0","name":"CoverageCategory","title":"Coverage category","status":"active","date":"2023-02-02T00:37:31+00:00","publisher":"HL7 New Zealand","contact":[{"name":"HL7 New Zealand","telecom":[{"system":"email","value":"mailto:admin@hl7.org.nz"}]}],"description":"New Zealand codes for Coverage category types","caseSensitive":true,"content":"complete","count":1,"concept":[{"code":"under6","display":"A child under 6 years of age"}]}