{"resourceType":"NamingSystem","id":"hpipractitionerrole","text":{"status":"generated","div":"<div xmlns=\"http://www.w3.org/1999/xhtml\"><h3>Summary</h3><table class=\"grid\"><tr><td>Defining URL</td><td>http://hl7.org.nz/fhir/NamingSystem/hpipractitionerrole</td></tr><tr><td>Name</td><td>HPIPractitionerRole</td></tr><tr><td>Status</td><td>active</td></tr><tr><td>Definition</td><td><div><p>HPI PractitionerRole id</p>\n</div></td></tr><tr><td>Publisher</td><td>HL7 New Zealand</td></tr></table><h3>Identifiers</h3><table class=\"grid\"><tr><td><b>Type</b></td><td><b>Value</b></td><td><b>Preferred</b></td></tr><tr><td>URI</td><td>https://standards.digital.health.nz/ns/hpi-practitionerrole-id</td><td>true</td></tr></table></div>"},"name":"HPIPractitionerRole","status":"active","kind":"identifier","date":"2020-07-14","publisher":"HL7 New Zealand","contact":[{"name":"HL7 New Zealand","telecom":[{"system":"email","value":"mailto:admin@hl7.org.nz"}]}],"responsible":"HISO","type":{"coding":[{"system":"http://terminology.hl7.org/CodeSystem/v2-0203","code":"NPI","display":"National provider identifier"}]},"description":"HPI PractitionerRole id","jurisdiction":[{"coding":[{"system":"urn:iso:std:iso:3166","code":"NZ"}]}],"uniqueId":[{"type":"uri","value":"https://standards.digital.health.nz/ns/hpi-practitionerrole-id","preferred":true}]}