{"resourceType":"ValueSet","id":"domicile-code","text":{"status":"generated","div":"<div xmlns=\"http://www.w3.org/1999/xhtml\"><ul><li>Include all codes defined in <a href=\"CodeSystem-domicile-code.html\"><code>https://standards.digital.health.nz/ns/domicile-code</code></a></li></ul></div>"},"url":"https://nzhts.digital.health.nz/fhir/ValueSet/domicile-code","version":"3.0","name":"DomicileCode","title":"Domicile Code","status":"active","date":"2023-02-02T00:37:31+00:00","publisher":"HL7 New Zealand","contact":[{"name":"HL7 New Zealand","telecom":[{"system":"email","value":"mailto:admin@hl7.org.nz"}]}],"description":"Domicile Code","compose":{"include":[{"system":"https://standards.digital.health.nz/ns/domicile-code"}]}}