{"resourceType":"ValueSet","id":"iwi","text":{"status":"generated","div":"<div xmlns=\"http://www.w3.org/1999/xhtml\"><ul><li>Include all codes defined in <a href=\"CodeSystem-iwi-code.html\"><code>https://standards.digital.health.nz/ns/iwi-code</code></a></li></ul></div>"},"url":"https://nzhts.digital.health.nz/fhir/ValueSet/iwi-code","version":"2.0.0","name":"Iwi","title":"Iwi","status":"active","date":"2023-02-02T00:37:31+00:00","publisher":"HL7 New Zealand","contact":[{"name":"HL7 New Zealand","telecom":[{"system":"email","value":"mailto:admin@hl7.org.nz"}]}],"description":"New Zealand iwi codes.  The 2 digit codes are abstract codes and provided in the expansion for navigational purposes. A user should not select an abstract code directly as a proper value.","compose":{"include":[{"system":"https://standards.digital.health.nz/ns/iwi-code"}]}}