{"resourceType":"ValueSet","id":"information-source","text":{"status":"generated","div":"<div xmlns=\"http://www.w3.org/1999/xhtml\"><ul><li>Include all codes defined in <a href=\"CodeSystem-information-source.html\"><code>https://standards.digital.health.nz/ns/information-source-code</code></a></li></ul></div>"},"url":"https://nzhts.digital.health.nz/fhir/ValueSet/information-source-code","version":"1.0.0","name":"InformationSource","title":"Information Source","status":"active","date":"2023-02-02T00:37:31+00:00","publisher":"HL7 New Zealand","contact":[{"name":"HL7 New Zealand","telecom":[{"system":"email","value":"mailto:admin@hl7.org.nz"}]}],"description":"The source from where the value of this item was sourced","compose":{"include":[{"system":"https://standards.digital.health.nz/ns/information-source-code"}]}}