{"resourceType":"ValueSet","id":"ethnicity","text":{"status":"generated","div":"<div xmlns=\"http://www.w3.org/1999/xhtml\"><ul><li>Include all codes defined in <a href=\"CodeSystem-ethnicityL4.html\"><code>https://standards.digital.health.nz/ns/ethnic-group-level-4-code</code></a></li></ul></div>"},"url":"https://nzhts.digital.health.nz/fhir/ValueSet/ethnic-group-level-4-code","version":"2.1.0","name":"Ethnicity","title":"Ethnicity of a person","status":"active","date":"2023-02-02T00:37:31+00:00","publisher":"HL7 New Zealand","contact":[{"name":"HL7 New Zealand","telecom":[{"system":"email","value":"mailto:admin@hl7.org.nz"}]}],"description":"Codes to record a person's ethnicity, drawn from [Level 4 of the Ethnicity code system](http://aria.stats.govt.nz/aria/#ClassificationView:uri=http://stats.govt.nz/cms/ClassificationVersion/YVqOcFHSlguKkT17)","compose":{"include":[{"system":"https://standards.digital.health.nz/ns/ethnic-group-level-4-code"}]}}