{"resourceType":"ValueSet","id":"coverage-type","text":{"status":"generated","div":"<div xmlns=\"http://www.w3.org/1999/xhtml\"><ul><li>Include all codes defined in <a href=\"CodeSystem-coverage-type.html\"><code>https://standards.digital.health.nz/ns/coverage-type-code</code></a></li></ul></div>"},"url":"https://nzhts.digital.health.nz/fhir/ValueSet/coverage-type-code","version":"1.0.0","name":"CoverageType","title":"Coverage Type","status":"active","date":"2023-02-02T00:37:31+00:00","publisher":"HL7 New Zealand","contact":[{"name":"HL7 New Zealand","telecom":[{"system":"email","value":"mailto:admin@hl7.org.nz"}]}],"description":"New Zealand codes for Coverage Types","compose":{"include":[{"system":"https://standards.digital.health.nz/ns/coverage-type-code"}]}}