{"resourceType":"ValueSet","id":"citizenship-status","text":{"status":"generated","div":"<div xmlns=\"http://www.w3.org/1999/xhtml\"><ul><li>Include all codes defined in <a href=\"CodeSystem-citizenship-status.html\"><code>https://standards.digital.health.nz/ns/nz-citizenship-status-code</code></a></li></ul></div>"},"url":"https://nzhts.digital.health.nz/fhir/ValueSet/nz-citizenship-status-code","version":"1.1.0","name":"CitizenshipStatus","title":"NZ Citizenship status","status":"active","date":"2023-02-02T00:37:31+00:00","publisher":"HL7 New Zealand","contact":[{"name":"HL7 New Zealand","telecom":[{"system":"email","value":"mailto:admin@hl7.org.nz"}]}],"description":"Citizenship status","compose":{"include":[{"system":"https://standards.digital.health.nz/ns/nz-citizenship-status-code"}]}}