{"resourceType":"ValueSet","id":"location-alias-type","text":{"status":"generated","div":"<div xmlns=\"http://www.w3.org/1999/xhtml\"><ul><li>Include all codes defined in <a href=\"CodeSystem-alias-type.html\"><code>https://standards.digital.health.nz/ns/alias-type-code</code></a></li></ul></div>"},"url":"https://nzhts.digital.health.nz/fhir/ValueSet/alias-type-code","version":"1.0.0","name":"AliasType","title":"Alias types","status":"active","date":"2023-02-02T00:37:31+00:00","publisher":"HL7 New Zealand","contact":[{"name":"HL7 New Zealand","telecom":[{"system":"email","value":"mailto:admin@hl7.org.nz"}]}],"description":"The complete set of alias types that apply to Locations and Organizations","compose":{"include":[{"system":"https://standards.digital.health.nz/ns/alias-type-code"}]}}