{"resourceType":"ValueSet","id":"practitioner-additional-authorisation-code","text":{"status":"generated","div":"<div xmlns=\"http://www.w3.org/1999/xhtml\"><ul><li>Include all codes defined in <a href=\"CodeSystem-practitioner-additional-authorisation.html\"><code>https://standards.digital.health.nz/ns/practitioner-additional-authorisation-code</code></a></li></ul></div>"},"url":"https://nzhts.digital.health.nz/fhir/ValueSet/practitioner-additional-authorisation-code","version":"1.0.0","name":"PractitionerAdditionalAuthorisationCode","title":"Additional Practitioner authorisations","status":"active","date":"2023-02-02T00:37:31+00:00","publisher":"HL7 New Zealand","contact":[{"name":"HL7 New Zealand","telecom":[{"system":"email","value":"mailto:admin@hl7.org.nz"}]}],"description":"A coded type for additional authorisations","jurisdiction":[{"coding":[{"system":"urn:iso:std:iso:3166","code":"NZ"}]}],"compose":{"include":[{"system":"https://standards.digital.health.nz/ns/practitioner-additional-authorisation-code"}]}}